Date,property_crimes,violent_crimes,public_order_crimes,total_crimes,ADMINISTRATIVE CODE,AGRICULTURE & MRKTS LAW-UNCLASSIFIED,ALCOHOLIC BEVERAGE CONTROL LAW,ANTICIPATORY OFFENSES,ARSON,ASSAULT 3 & RELATED OFFENSES,BURGLAR'S TOOLS,BURGLARY,CANNABIS RELATED OFFENSES,CHILD ABANDONMENT/NON SUPPORT,CRIMINAL MISCHIEF & RELATED OF,CRIMINAL TRESPASS,DANGEROUS DRUGS,DANGEROUS WEAPONS,DISORDERLY CONDUCT,ENDAN WELFARE INCOMP,ESCAPE 3,FELONY ASSAULT,FELONY SEX CRIMES,FORGERY,FORTUNE TELLING,FRAUDS,FRAUDULENT ACCOSTING,GAMBLING,GRAND LARCENY,GRAND LARCENY OF MOTOR VEHICLE,HARRASSMENT 2,"HOMICIDE-NEGLIGENT,UNCLASSIFIE",HOMICIDE-NEGLIGENT-VEHICLE,INTOXICATED & IMPAIRED DRIVING,INTOXICATED/IMPAIRED DRIVING,JOSTLING,KIDNAPPING,KIDNAPPING & RELATED OFFENSES,MISCELLANEOUS PENAL LAW,MURDER & NON-NEGL. MANSLAUGHTER,NEW YORK CITY HEALTH CODE,NYS LAWS-UNCLASSIFIED FELONY,NYS LAWS-UNCLASSIFIED VIOLATION,OFF. AGNST PUB ORD SENSBLTY &,OFFENSES AGAINST PUBLIC ADMINI,OFFENSES AGAINST PUBLIC SAFETY,OFFENSES AGAINST THE PERSON,OFFENSES INVOLVING FRAUD,OFFENSES RELATED TO CHILDREN,OTHER OFFENSES RELATED TO THEF,OTHER OFFENSES RELATED TO THEFT,OTHER STATE LAWS,OTHER STATE LAWS (NON PENAL LA,OTHER STATE LAWS (NON PENAL LAW),PETIT LARCENY,PETIT LARCENY OF MOTOR VEHICLE,POSSESSION OF STOLEN PROPERTY,PROSTITUTION & RELATED OFFENSES,RAPE,ROBBERY,SEX CRIMES,THEFT OF SERVICES,THEFT-FRAUD,UNAUTHORIZED USE OF A VEHICLE,UNLAWFUL POSS. WEAP. ON SCHOOL,VEHICLE AND TRAFFIC LAWS
2023-01-01,200,108,103,411,0,0,0,0,0,57,0,18,0,0,35,2,2,2,0,0,0,28,0,3,0,5,0,1,59,3,53,0,0,6,0,0,0,0,6,0,0,0,0,12,6,0,1,1,0,1,0,1,6,0,68,0,1,1,2,11,7,0,6,0,0,7
2023-01-02,200,55,72,327,0,0,0,0,0,28,0,15,0,0,24,2,5,5,0,0,0,7,0,5,0,2,0,0,47,4,37,0,0,1,0,0,0,0,7,0,0,3,0,4,3,0,0,1,0,0,0,0,1,0,95,0,3,0,0,11,4,0,3,0,0,10
2023-01-03,168,72,103,343,2,0,0,0,0,27,0,16,1,1,20,0,16,2,0,0,0,17,1,2,0,3,0,0,33,8,43,0,0,1,0,0,0,1,5,0,0,1,0,9,5,0,0,3,0,2,0,0,1,0,80,0,0,0,0,18,7,0,4,2,0,11
2023-01-04,192,64,125,381,1,0,0,0,0,25,2,10,0,0,26,0,28,8,0,0,0,15,0,4,0,1,1,0,37,6,56,0,0,1,0,0,0,0,5,0,0,0,0,16,6,0,1,2,0,2,0,0,0,0,97,0,3,0,0,9,6,1,4,1,0,7
2023-01-05,210,58,121,389,2,0,0,0,0,24,0,14,0,0,29,1,16,8,0,0,0,10,0,12,0,1,0,0,44,2,55,0,0,1,0,0,0,0,2,1,0,4,0,12,8,0,2,8,0,0,0,1,0,0,103,0,2,0,0,9,4,0,0,2,0,12
2023-01-06,204,62,101,367,0,0,0,0,0,27,0,14,0,0,22,3,14,5,0,0,0,16,0,8,0,3,1,0,62,6,59,0,0,1,0,0,0,0,5,0,0,1,0,5,3,0,0,6,0,0,0,0,0,0,83,0,2,0,0,11,3,0,1,0,0,6
2023-01-07,179,70,95,344,0,0,0,0,0,32,0,11,0,0,30,2,11,3,0,0,0,16,0,4,0,5,1,0,39,4,46,0,0,2,0,0,0,0,7,0,0,1,0,5,5,0,2,6,0,2,0,0,0,0,83,0,0,0,1,13,3,0,0,1,0,9
2023-01-08,161,77,69,307,0,0,0,0,2,32,0,7,0,0,27,1,0,3,0,0,0,18,0,3,0,1,0,0,36,4,36,0,0,0,0,0,0,0,6,0,0,1,0,5,6,0,3,4,0,1,0,0,0,0,79,0,0,0,0,16,5,0,0,1,0,10
2023-01-09,173,48,80,301,1,0,0,0,2,22,1,7,0,0,23,1,11,3,0,1,0,7,0,6,0,0,0,0,38,4,40,0,0,0,0,0,0,0,4,0,0,0,0,5,8,0,0,3,0,0,0,0,0,0,85,0,0,0,0,10,6,0,5,1,0,7
2023-01-10,204,63,111,378,0,0,0,0,1,28,3,5,0,0,22,4,16,5,0,0,0,12,0,6,0,3,0,0,45,6,50,0,0,0,0,0,0,0,7,0,0,5,0,13,2,0,2,4,0,1,0,2,0,0,106,0,0,0,0,12,4,2,1,0,0,11
2023-01-11,205,39,118,362,1,0,0,0,0,17,1,12,0,0,20,1,27,3,0,0,0,10,0,5,0,2,0,0,50,4,44,0,0,1,0,0,0,0,11,0,0,2,0,9,7,0,0,2,0,1,0,0,1,0,104,1,2,0,0,6,3,0,2,1,0,12
2023-01-12,202,54,117,373,0,0,0,0,0,27,0,8,0,0,22,3,19,4,0,0,0,3,0,3,0,1,0,0,52,1,54,0,0,0,0,0,0,1,5,0,0,4,0,11,2,0,0,6,0,1,0,0,0,0,104,1,1,0,3,8,8,1,5,0,0,15
2023-01-13,189,57,104,350,1,0,0,0,0,24,1,11,0,0,15,0,17,4,0,0,0,8,0,6,0,6,0,0,51,4,49,0,0,0,0,0,0,0,3,1,0,1,0,7,7,0,1,4,0,3,0,1,0,0,92,0,1,0,0,14,5,0,1,1,0,11
2023-01-14,180,78,76,334,0,0,0,0,1,26,1,15,0,0,27,3,7,5,0,0,0,28,0,5,0,0,0,0,43,2,30,0,0,3,0,0,0,0,10,0,0,0,0,8,4,0,1,6,0,2,0,0,0,0,78,0,2,0,0,10,8,0,3,0,0,6
2023-01-15,167,58,80,305,1,1,0,0,0,31,0,9,0,0,21,2,3,4,0,0,0,9,0,1,0,2,0,0,52,5,40,0,0,2,0,0,0,0,7,0,0,0,0,12,2,0,0,1,0,3,1,0,0,0,74,0,0,0,0,10,4,0,0,0,0,8
2023-01-16,172,72,79,323,0,0,0,0,0,41,0,10,0,0,21,1,3,4,0,0,0,10,0,3,0,2,0,0,37,3,34,0,0,2,0,0,0,0,10,0,0,2,0,15,1,0,1,3,0,0,0,2,0,0,91,1,0,0,0,12,4,0,2,1,0,7
2023-01-17,200,59,104,363,1,0,0,0,0,27,0,7,0,0,32,3,17,5,0,0,0,16,0,6,0,3,0,0,43,10,39,0,0,1,0,0,0,0,8,0,0,1,0,9,10,0,1,6,0,1,0,1,0,0,90,0,1,0,0,5,5,0,5,0,0,10
2023-01-18,175,56,102,333,2,0,0,0,2,23,1,8,0,0,27,0,23,6,0,0,0,10,1,3,0,2,0,0,41,5,47,0,0,0,0,0,0,1,6,1,0,1,0,9,5,0,0,2,0,0,0,0,0,0,83,0,3,0,1,10,4,0,0,0,0,6
2023-01-19,205,70,104,379,0,0,0,0,1,29,2,14,0,0,31,5,10,6,0,0,0,14,0,6,0,2,0,0,35,3,55,0,0,0,0,0,0,0,7,0,0,1,0,12,4,0,3,3,0,0,0,0,1,0,100,0,1,0,1,11,6,1,4,0,0,11
2023-01-20,239,68,122,429,3,0,0,0,0,37,1,11,0,0,37,2,15,7,0,0,0,9,0,5,0,3,0,0,58,7,56,0,0,1,0,0,0,0,12,1,0,1,0,8,5,0,1,6,0,0,0,0,0,0,109,0,4,0,1,8,4,0,2,0,0,15
2023-01-21,197,85,67,349,0,0,0,0,0,47,6,9,0,0,32,2,3,2,0,0,0,24,0,4,0,0,0,0,52,5,29,0,0,2,0,0,0,0,7,0,0,2,0,10,2,0,1,2,0,0,0,0,0,0,83,0,1,0,1,7,3,2,0,1,0,10
2023-01-22,150,64,73,287,0,0,0,0,0,35,0,8,0,0,17,1,4,2,0,0,0,7,0,0,0,2,0,0,38,3,42,0,0,2,0,0,0,0,5,0,0,1,0,5,3,0,0,1,0,1,0,0,0,0,81,0,0,0,0,15,5,0,0,0,0,9
2023-01-23,204,50,89,343,1,0,0,0,2,26,1,18,0,0,23,1,9,1,0,0,0,10,0,1,0,2,0,0,42,4,46,0,0,1,0,0,0,0,7,0,0,1,0,10,3,1,0,1,0,1,0,0,0,0,101,0,2,0,0,11,2,1,5,1,0,8
2023-01-24,178,49,107,334,0,1,0,0,1,23,0,7,0,0,25,3,12,4,0,0,0,12,0,8,0,0,0,0,38,4,55,0,0,1,0,0,0,0,9,0,0,3,0,9,5,0,1,3,0,1,0,0,0,0,87,0,1,0,0,7,2,1,3,0,0,8
2023-01-25,168,63,92,323,0,0,0,0,0,31,0,13,0,0,15,1,13,3,0,0,0,11,0,8,0,1,0,0,36,6,47,0,0,1,0,0,0,0,2,0,0,1,0,9,4,0,0,3,0,1,0,0,0,0,84,0,1,0,0,11,7,0,3,0,0,11
2023-01-26,193,57,86,336,1,0,0,0,0,32,1,9,0,0,26,3,17,0,0,0,0,7,0,2,0,2,1,0,35,5,37,0,0,1,0,0,0,0,7,0,0,0,0,9,2,0,2,3,0,1,0,0,0,0,102,1,4,0,1,8,7,0,2,1,0,7
2023-01-27,189,56,96,341,0,0,0,0,0,24,0,12,0,0,29,0,10,7,0,0,0,16,0,2,0,1,0,0,38,10,54,0,0,0,0,0,0,0,11,0,0,0,0,8,2,0,2,1,0,2,0,0,0,0,95,0,0,0,0,6,1,0,2,0,0,8
2023-01-28,183,74,74,331,0,0,0,0,1,33,0,4,0,0,35,2,7,6,0,0,0,17,0,2,0,1,0,0,50,5,37,0,0,2,0,0,0,0,5,0,0,0,0,3,3,0,0,7,0,2,0,0,0,0,81,0,0,0,0,14,4,0,2,0,0,8
2023-01-29,185,56,64,305,0,0,0,0,1,35,1,11,0,0,30,1,2,2,0,0,0,5,0,5,0,1,0,0,43,5,30,0,0,2,0,0,0,0,8,1,0,1,0,7,5,0,2,3,0,0,0,0,0,0,87,0,0,0,1,7,3,0,0,0,0,6
2023-01-30,197,64,106,367,0,0,0,0,1,30,0,14,0,0,22,1,15,3,0,0,0,11,0,2,0,4,0,0,48,7,55,0,0,1,0,0,0,0,8,0,0,2,0,11,4,0,0,0,0,1,0,0,0,0,93,0,1,0,0,14,6,0,2,2,0,9
2023-01-31,173,63,86,322,1,0,0,0,0,20,0,7,0,0,16,0,7,6,0,0,0,17,0,0,0,1,0,0,40,2,40,0,0,0,0,0,0,0,9,0,0,3,0,6,7,0,1,5,0,2,0,0,0,0,101,0,2,0,0,16,3,0,4,0,0,6
2023-02-01,207,70,104,381,0,0,0,0,0,34,2,10,0,0,24,3,13,5,0,0,0,10,0,3,0,3,1,0,57,3,48,0,0,0,0,0,0,0,7,0,0,1,0,12,4,0,1,5,0,0,0,0,0,0,98,0,1,0,0,7,13,0,3,0,0,13
2023-02-02,197,82,94,373,0,0,0,0,1,34,1,7,0,0,23,2,18,7,0,0,0,10,0,7,0,2,0,0,42,5,44,0,0,1,0,0,0,0,5,0,0,1,0,10,1,0,4,1,0,2,0,1,0,0,95,0,3,0,1,16,10,0,6,3,0,10
2023-02-03,174,82,97,353,0,0,0,0,0,37,1,10,0,0,21,1,14,6,0,0,0,15,0,3,0,3,0,0,49,6,45,0,0,2,0,0,0,0,6,0,0,3,0,7,3,0,1,5,0,0,0,0,0,0,77,0,1,0,0,12,11,1,1,0,0,12
2023-02-04,152,62,70,284,0,0,0,0,1,31,0,7,0,0,15,0,6,4,0,0,0,11,0,5,0,2,0,0,39,2,35,0,0,2,0,0,0,0,5,0,0,0,0,7,2,0,0,2,0,2,0,1,0,0,78,0,0,0,0,7,9,0,3,0,0,8
2023-02-05,151,45,68,264,0,0,0,0,0,21,1,6,0,1,26,2,6,2,0,0,0,12,0,2,0,0,0,0,40,6,36,0,0,3,0,0,0,0,4,0,0,0,0,6,1,1,0,0,0,3,0,0,0,0,67,0,0,0,0,6,4,0,0,1,0,7
2023-02-06,184,55,93,332,1,0,0,0,1,23,1,11,0,0,30,1,4,3,0,0,0,14,0,4,0,1,0,0,41,4,47,0,0,0,0,0,0,0,10,0,0,1,0,12,5,0,0,2,0,3,0,0,1,0,86,0,0,0,0,13,2,1,2,1,0,7
2023-02-07,160,60,99,319,0,0,0,0,0,32,0,11,3,0,25,2,22,3,0,0,0,16,0,2,0,1,0,0,37,1,37,0,0,2,0,0,0,0,6,0,0,3,0,14,1,0,0,1,0,1,0,0,0,0,78,0,0,0,1,4,4,1,2,0,0,9
2023-02-08,193,58,138,389,2,0,0,0,0,25,0,9,0,0,17,3,25,2,0,0,0,12,0,5,0,2,0,1,48,3,49,0,0,1,0,0,0,0,10,1,0,2,0,11,9,0,3,6,0,0,0,0,1,0,96,0,3,2,0,5,10,0,5,2,0,19
2023-02-09,185,72,117,374,1,0,0,0,0,42,1,14,1,0,29,1,20,5,0,0,0,12,0,3,0,5,0,0,45,5,59,0,0,1,0,1,0,0,3,1,0,0,0,11,3,0,1,4,0,0,0,0,0,0,74,0,4,0,2,6,3,0,4,0,0,13
2023-02-10,160,76,102,338,1,0,0,0,0,39,1,4,1,0,16,1,12,8,0,0,0,15,0,1,0,4,0,0,46,9,47,0,0,0,0,0,0,0,8,0,0,0,0,15,6,0,0,4,0,1,0,0,0,0,73,0,0,0,1,8,5,2,2,1,0,7
2023-02-11,169,68,91,328,0,0,0,0,0,34,1,11,0,0,16,1,11,5,0,0,0,16,0,2,0,1,0,0,42,2,46,0,0,0,0,0,0,0,10,1,0,0,0,8,5,0,0,1,0,0,0,0,0,0,90,0,2,0,0,9,3,0,1,0,0,10
2023-02-12,167,54,67,288,0,0,0,0,0,27,2,5,0,0,30,1,3,1,0,0,0,10,0,2,0,1,0,0,36,5,40,0,0,2,0,1,0,0,7,0,0,1,0,4,4,0,0,0,0,0,0,0,0,0,82,0,1,0,3,8,5,0,0,2,0,5
2023-02-13,201,57,101,359,0,0,0,0,0,26,0,19,0,0,19,4,8,5,0,0,0,15,0,4,0,6,1,0,53,5,54,0,0,0,0,0,0,0,9,0,0,2,0,9,7,0,2,3,0,0,0,0,0,0,87,0,1,0,0,4,5,1,2,0,0,8
2023-02-14,175,70,91,336,0,0,0,0,0,41,1,13,0,0,25,0,16,5,0,0,0,10,0,3,0,2,0,0,40,1,48,0,0,1,0,0,0,0,6,0,0,0,0,6,6,0,1,3,0,0,1,0,0,0,82,0,3,0,1,9,3,2,2,0,0,5
2023-02-15,193,77,103,373,2,0,0,0,0,38,2,14,0,0,21,1,13,2,0,0,0,20,0,5,0,1,0,1,47,3,47,0,0,0,0,0,0,0,7,1,0,3,0,7,3,0,1,8,0,1,0,0,1,0,92,0,0,0,2,7,6,1,6,0,0,10
2023-02-16,192,64,124,380,0,0,0,0,0,28,0,10,1,0,22,2,21,4,0,0,0,11,0,6,0,2,0,0,53,4,55,0,0,2,0,0,0,0,14,0,0,1,0,17,4,0,0,4,0,0,0,0,0,0,91,0,1,0,1,15,5,0,1,0,0,5
2023-02-17,191,75,110,376,0,0,0,0,0,29,1,8,4,0,19,2,19,5,0,0,0,21,0,5,0,1,0,0,33,8,57,0,0,1,0,0,0,0,6,0,0,0,0,5,3,0,2,0,0,0,0,0,0,0,104,0,4,0,1,12,5,0,5,1,0,15
2023-02-18,174,66,84,324,0,0,0,0,0,35,1,9,0,0,17,0,8,1,0,0,0,13,0,5,0,1,0,0,61,3,36,0,0,6,0,1,0,0,8,0,0,0,0,7,3,0,1,2,0,5,0,0,0,0,75,0,1,0,0,14,2,0,1,0,0,8
2023-02-19,181,58,63,302,0,0,0,0,0,17,0,4,0,0,19,0,3,3,0,0,0,17,0,4,0,2,0,0,46,7,39,0,0,0,0,0,0,0,2,0,0,0,0,8,2,0,0,2,0,0,0,0,0,0,97,0,1,0,1,13,7,0,0,1,0,7
2023-02-20,206,63,69,338,0,0,0,0,2,19,0,15,0,0,29,0,4,2,0,0,0,17,0,1,0,3,0,0,43,5,34,0,0,0,0,0,0,0,8,0,0,0,0,12,3,0,0,2,0,1,0,1,0,0,103,0,2,0,0,14,11,0,3,0,0,4
2023-02-21,190,59,86,335,0,0,0,0,0,21,0,15,0,0,23,0,20,3,0,0,0,16,0,1,0,1,1,0,54,1,39,0,0,1,0,0,0,0,6,0,0,2,0,4,0,0,0,2,0,0,0,0,0,0,90,0,0,0,0,15,4,1,3,1,0,11
2023-02-22,171,53,92,316,0,0,0,0,0,32,0,11,0,0,24,0,19,3,0,0,0,5,0,5,0,1,0,0,37,3,40,0,0,0,0,1,0,0,4,0,0,1,0,7,6,0,0,0,0,0,0,0,1,0,85,0,1,1,0,8,5,2,2,0,0,12
2023-02-23,190,52,93,335,0,0,0,0,0,29,3,9,1,0,30,0,14,4,0,0,0,9,0,3,0,5,0,0,40,5,39,0,0,1,0,0,0,0,6,1,0,1,0,11,6,0,0,3,0,2,0,0,0,0,91,0,2,0,0,5,4,0,1,1,0,9
2023-02-24,148,59,87,294,0,0,0,0,0,28,0,8,0,0,19,0,12,4,0,0,0,12,0,1,0,1,0,0,40,3,40,0,0,1,0,0,0,0,3,0,0,3,0,8,5,0,1,4,0,1,0,0,0,0,69,0,1,0,0,10,4,0,6,0,0,10
2023-02-25,185,55,78,318,0,0,0,0,2,26,0,7,0,0,20,1,7,0,0,0,0,15,0,7,0,3,1,0,47,4,41,0,0,1,0,0,0,0,6,0,0,0,0,6,3,0,1,2,0,1,0,0,1,0,92,0,1,0,0,10,3,0,1,0,0,9
2023-02-26,140,73,74,287,0,0,0,0,0,35,0,4,0,0,33,3,2,4,0,0,0,18,0,1,0,4,0,0,31,4,41,0,0,5,0,0,0,0,5,0,0,0,0,9,5,1,2,2,0,0,0,0,1,0,58,1,0,0,0,12,2,1,0,0,0,3
2023-02-27,190,63,91,344,0,0,0,0,0,31,0,17,2,0,25,1,9,1,0,0,0,15,0,4,0,0,1,0,51,5,46,0,0,0,0,0,0,0,7,0,0,3,0,13,3,0,0,1,0,0,0,0,0,0,80,0,1,0,0,9,7,0,5,1,0,6
2023-02-28,162,46,96,304,0,0,0,1,0,20,0,8,1,0,19,1,15,2,0,0,0,8,0,2,0,1,0,0,41,1,49,0,0,0,0,0,0,0,5,1,0,1,0,7,5,0,1,3,0,0,0,0,1,0,83,0,1,0,0,11,3,1,2,2,0,8
2023-03-01,241,81,116,438,1,0,0,0,0,30,0,17,0,0,24,4,20,3,0,0,0,18,0,6,0,5,0,0,70,8,56,0,0,0,0,0,0,0,6,0,0,1,0,12,3,0,3,4,0,0,0,0,0,0,100,0,0,0,1,16,10,1,6,0,0,13
2023-03-02,170,57,132,359,1,0,0,0,0,27,0,11,0,0,24,4,26,2,0,0,0,7,0,2,0,4,0,0,43,4,58,0,0,2,0,0,0,0,9,0,0,2,0,11,6,0,0,4,0,1,0,0,0,0,75,0,2,1,1,15,5,0,1,0,0,11
2023-03-03,188,56,99,343,1,0,0,0,1,21,0,10,0,0,24,0,21,2,0,0,0,18,0,2,0,2,0,0,44,3,35,1,0,2,0,0,0,0,2,2,0,1,0,14,7,0,0,2,0,1,0,0,0,0,96,1,1,0,0,8,4,0,4,0,0,13
2023-03-04,165,78,76,319,0,0,0,0,0,42,0,14,0,0,27,0,7,4,0,0,0,20,0,0,0,2,0,0,53,2,36,0,0,3,0,0,0,0,9,0,0,0,0,7,7,0,0,3,0,0,0,0,0,0,65,0,0,0,2,7,3,2,0,0,0,4
2023-03-05,173,69,60,302,0,0,0,0,0,33,0,7,0,0,33,2,5,3,0,0,0,15,0,1,0,1,0,0,48,3,32,0,0,0,0,0,0,0,5,0,0,1,0,3,3,0,0,1,0,0,0,0,0,0,77,0,0,0,0,9,9,0,1,0,0,10
2023-03-06,180,58,65,303,0,0,0,0,0,35,0,17,0,0,14,3,10,1,0,0,0,10,0,2,0,2,0,0,51,4,34,0,0,0,0,0,0,0,2,0,0,1,0,7,5,0,1,1,0,0,0,0,0,0,83,0,0,0,0,8,3,1,3,0,0,5
2023-03-07,167,59,96,322,2,0,0,0,1,37,0,11,0,0,20,2,15,3,0,0,0,6,0,6,0,0,0,0,33,5,45,0,0,0,0,0,0,0,5,1,0,1,0,13,1,0,1,2,0,2,0,1,0,0,85,0,1,0,0,7,4,1,2,0,0,9
2023-03-08,168,68,126,362,3,0,0,0,0,32,0,10,3,0,15,1,11,4,0,0,0,11,0,3,0,2,0,0,43,4,61,0,0,2,0,0,0,0,9,0,0,2,0,12,3,0,1,4,0,1,0,0,3,0,83,0,2,0,0,11,9,1,4,0,0,12
2023-03-09,182,65,106,353,0,0,0,0,0,27,1,5,1,0,29,2,23,8,0,0,0,16,0,5,0,0,0,0,46,4,44,0,0,0,0,0,0,0,9,0,0,2,0,14,4,0,2,1,0,1,0,0,0,0,85,0,0,0,0,6,6,0,4,1,0,7
2023-03-10,186,80,101,367,0,0,0,0,0,45,0,7,0,0,21,0,12,4,0,0,0,17,0,2,0,3,0,0,47,5,47,0,0,4,0,0,0,0,9,0,0,1,0,13,2,0,0,5,0,1,0,0,0,0,98,0,0,0,1,6,7,0,2,1,0,7
2023-03-11,205,50,89,344,0,0,0,0,2,26,0,9,0,0,31,0,10,4,0,0,0,11,0,4,0,1,1,0,55,0,43,0,0,4,0,0,0,0,2,0,0,2,0,5,5,0,1,5,0,2,0,0,0,0,94,0,3,0,1,4,3,1,4,1,0,10
2023-03-12,162,70,77,309,0,0,0,0,0,38,0,5,0,0,22,2,1,1,0,0,0,14,0,4,0,2,0,0,44,7,42,0,0,4,0,0,0,0,4,0,0,0,0,13,2,0,0,2,0,2,0,0,0,0,74,0,0,0,1,10,6,0,2,0,0,7
2023-03-13,167,52,78,297,0,1,0,0,0,22,0,5,0,0,29,0,7,1,0,0,0,10,0,3,0,2,0,0,49,4,43,0,0,1,0,0,0,0,3,0,0,0,0,12,2,0,1,1,0,2,0,0,0,0,69,0,2,0,0,14,4,0,4,0,0,6
2023-03-14,166,58,90,314,1,0,0,0,0,26,0,12,0,0,24,2,13,3,0,0,0,17,0,5,0,0,0,0,37,2,36,0,0,1,0,0,0,0,8,0,0,1,0,13,5,1,2,2,0,0,0,0,0,0,76,0,1,0,1,8,1,3,4,0,0,9
2023-03-15,175,59,109,343,1,0,0,0,0,29,1,13,1,0,21,2,18,6,0,0,0,11,0,3,0,4,0,0,59,3,50,0,0,1,0,0,0,0,8,0,0,1,0,10,3,0,2,3,0,2,0,1,0,0,64,0,1,0,0,8,3,0,3,1,0,10
2023-03-16,178,73,106,357,3,0,0,0,0,31,0,11,0,0,22,2,18,9,0,0,0,12,0,2,0,5,0,0,52,2,39,0,0,2,0,0,0,0,9,0,0,1,0,9,6,0,3,3,0,0,0,0,0,0,73,1,3,0,1,8,9,1,3,1,0,16
2023-03-17,200,68,110,378,1,0,0,0,1,32,0,11,0,0,19,1,11,6,0,0,0,13,0,3,0,4,0,1,69,4,55,0,0,2,0,0,0,0,4,0,0,0,0,11,5,0,3,3,0,3,0,1,0,0,81,0,2,0,0,5,9,0,4,1,0,13
2023-03-18,168,93,92,353,0,0,0,0,0,50,0,10,0,0,31,0,12,1,0,0,0,17,0,1,0,0,1,0,58,2,37,0,0,1,0,0,0,0,9,0,0,0,0,12,9,0,0,1,0,3,0,0,0,0,65,0,0,0,1,17,7,0,1,0,0,7
2023-03-19,132,68,62,262,0,0,0,0,0,42,1,6,0,0,28,0,0,2,0,0,0,12,0,3,0,1,0,0,40,2,34,0,0,2,0,0,0,0,6,0,0,0,0,10,4,0,1,2,0,0,0,0,0,0,48,1,1,0,0,7,4,0,1,0,0,4
2023-03-20,184,65,90,339,1,0,0,0,3,31,0,7,0,0,27,0,9,2,0,0,0,15,0,0,0,2,0,0,38,5,47,0,0,1,0,0,0,0,4,0,0,0,0,11,3,0,0,3,0,2,0,0,0,0,94,0,1,0,0,10,7,0,5,2,0,9
2023-03-21,186,60,122,368,0,0,0,0,1,26,1,7,1,0,27,2,22,3,0,0,0,13,0,5,0,1,0,0,57,7,51,0,0,0,0,0,0,0,13,0,0,1,0,16,5,0,0,0,0,0,0,0,1,0,74,0,0,0,0,11,7,0,2,2,0,12
2023-03-22,148,64,105,317,0,0,0,0,0,35,0,9,0,0,22,0,17,4,0,0,0,13,0,5,0,1,0,1,39,3,48,0,0,0,0,0,0,0,9,0,0,0,0,14,4,0,0,3,0,0,0,0,0,0,67,0,1,0,0,9,3,0,1,0,0,9
2023-03-23,210,80,119,409,0,0,0,0,0,38,3,16,0,1,22,3,10,8,0,0,0,14,0,5,0,3,0,0,47,9,59,0,0,0,0,0,0,0,14,0,0,1,1,13,10,0,1,0,0,1,0,0,1,0,98,0,2,0,0,10,9,0,1,1,0,8
2023-03-24,180,78,112,370,0,0,0,0,0,27,1,10,0,0,18,0,9,7,0,0,0,20,0,2,0,2,0,0,53,6,59,0,0,1,0,0,0,0,10,0,0,3,0,13,7,0,0,3,0,0,0,0,0,0,84,0,2,0,2,15,7,0,1,1,0,7
2023-03-25,147,61,80,288,1,1,0,0,0,29,0,8,1,0,22,2,6,3,0,0,0,17,0,2,0,2,0,0,35,8,38,0,0,3,0,1,0,0,4,0,0,1,0,5,6,0,0,5,0,0,0,0,0,0,63,0,3,0,2,7,3,0,1,1,0,8
2023-03-26,159,78,71,308,1,0,0,0,0,48,0,12,0,0,20,0,2,2,0,0,0,15,0,4,0,2,0,0,39,5,35,0,0,3,0,0,0,0,4,1,0,0,0,10,7,1,1,1,0,0,0,0,0,0,73,0,3,0,1,7,3,0,1,0,0,7
2023-03-27,171,56,84,311,0,0,0,0,0,26,1,11,0,0,24,3,5,1,0,0,1,12,0,3,0,2,0,0,42,4,52,0,0,1,0,0,0,0,5,0,0,0,0,9,2,0,0,0,0,2,0,0,0,0,76,0,0,0,1,11,5,0,3,2,0,7
2023-03-28,192,50,120,362,0,1,0,0,0,20,1,7,0,0,15,2,23,3,0,0,0,16,0,4,0,2,0,0,45,5,60,0,0,1,0,0,0,0,4,0,0,0,0,10,10,0,2,1,0,1,0,1,0,0,106,0,0,0,0,8,1,2,3,0,0,7
2023-03-29,180,48,97,325,0,0,0,0,0,31,0,17,0,1,18,1,15,2,0,0,0,6,0,5,0,0,0,0,46,2,41,0,0,3,0,0,0,0,8,0,0,0,0,9,6,0,0,5,0,0,0,0,1,0,83,0,6,0,0,7,2,0,1,1,0,8
2023-03-30,179,53,89,321,0,0,0,0,0,26,0,16,0,0,21,1,13,6,0,0,0,10,0,6,0,2,0,0,41,3,46,0,0,0,0,0,0,0,8,0,0,1,0,8,4,0,2,3,0,0,0,0,0,0,83,0,2,0,0,6,3,0,4,0,0,6
2023-03-31,209,77,82,368,0,0,0,0,0,43,2,12,0,0,27,2,6,8,0,0,0,9,0,7,0,2,0,0,57,7,45,0,0,1,0,0,0,0,7,0,0,0,0,5,5,0,2,5,0,0,0,0,0,0,88,0,1,0,1,11,3,0,3,1,0,8
2023-04-01,215,95,97,407,1,0,0,0,1,47,0,11,1,0,26,2,6,6,0,0,0,16,0,5,0,2,0,1,65,1,50,0,0,3,0,0,0,0,3,0,0,0,0,11,8,0,2,1,0,0,0,0,1,0,91,0,3,0,2,11,11,1,4,3,0,11
2023-04-02,174,71,71,316,2,0,0,0,1,41,0,14,0,0,28,1,3,0,0,0,0,14,0,2,0,1,0,0,35,5,37,0,0,3,0,0,0,1,6,0,0,0,0,6,5,0,3,2,0,2,0,0,1,0,85,0,0,0,0,10,2,0,1,1,0,4
2023-04-03,151,67,78,296,2,0,0,0,0,36,0,9,0,0,19,2,3,1,0,0,0,10,0,1,0,1,0,0,46,5,36,0,0,2,0,0,0,0,11,0,0,3,0,7,4,0,0,3,0,1,0,0,0,0,62,0,1,0,1,9,10,0,5,0,0,6
2023-04-04,176,63,97,336,0,0,0,0,0,34,1,5,0,0,24,1,16,3,0,0,0,13,0,4,0,1,0,0,42,8,52,0,0,0,0,0,0,0,10,0,0,1,0,8,6,0,0,1,0,0,0,0,0,0,86,0,0,0,5,6,2,0,4,0,0,3
2023-04-05,160,58,114,332,1,0,0,0,0,37,0,7,0,0,21,4,16,3,0,0,0,6,0,3,0,2,0,0,34,6,57,0,0,0,0,0,0,0,5,0,0,2,0,9,4,0,1,3,0,1,0,0,0,0,80,0,0,0,0,8,3,0,2,1,0,16
2023-04-06,213,68,85,366,0,0,0,0,0,38,0,8,0,0,33,0,13,7,0,0,0,8,0,12,0,1,0,0,54,9,35,0,0,1,0,0,0,0,6,0,0,2,0,10,8,0,2,1,0,0,0,0,0,0,91,0,1,0,2,6,5,0,3,1,0,9
2023-04-07,242,60,98,400,0,0,0,0,0,31,0,17,0,0,36,4,14,8,0,0,0,12,0,5,0,0,0,0,65,10,46,0,0,0,0,1,0,0,7,0,0,1,0,6,3,0,2,9,0,1,0,1,1,0,103,0,0,0,1,3,3,0,1,1,0,8
2023-04-08,178,70,79,327,0,0,0,0,0,28,0,3,0,0,25,3,4,2,0,0,0,23,0,6,0,2,0,1,49,4,45,0,0,1,0,1,0,0,6,1,0,0,0,9,5,0,1,2,0,0,0,0,0,0,82,0,3,0,0,10,5,0,0,1,0,5
2023-04-09,143,66,87,296,0,0,0,0,1,34,0,6,0,0,28,0,2,2,0,0,0,17,0,2,0,3,0,0,32,5,55,0,0,3,0,0,0,0,6,1,0,0,0,10,3,0,0,2,0,0,0,0,0,0,60,1,2,0,0,7,5,0,1,2,0,6
2023-04-10,192,65,80,337,0,0,0,0,1,26,0,7,1,0,26,3,10,3,0,0,0,13,0,2,0,5,0,0,59,9,37,0,0,1,0,0,0,1,5,0,0,2,0,13,4,0,2,1,0,2,0,0,0,0,77,0,1,0,1,12,7,1,1,0,0,4
2023-04-11,200,59,90,349,0,0,0,0,1,22,0,14,0,0,28,1,15,3,0,0,0,17,0,4,0,3,0,0,35,3,52,0,0,0,0,0,0,0,3,2,0,2,0,8,3,0,1,4,0,0,0,0,0,0,105,0,2,0,0,10,4,0,4,0,0,3
2023-04-12,234,67,105,406,0,0,0,0,0,26,0,9,0,0,38,0,20,4,0,0,0,21,0,3,0,0,0,0,54,11,47,0,0,2,0,0,0,0,6,0,0,0,0,11,3,0,1,5,0,0,0,0,1,0,113,0,2,0,0,10,5,0,4,0,0,10
2023-04-13,189,70,84,343,0,0,0,0,0,30,0,10,0,0,26,3,17,8,0,0,0,12,0,3,0,2,1,0,56,3,39,0,0,0,0,0,0,0,5,0,0,1,0,8,5,0,2,2,0,2,0,0,0,0,81,0,1,0,1,11,6,0,1,3,0,4
2023-04-14,176,75,101,352,0,0,0,0,0,33,2,9,0,0,23,1,9,5,0,0,0,14,0,6,0,0,0,0,39,2,52,0,0,2,0,0,0,1,9,0,0,0,0,7,7,0,3,4,0,0,0,0,0,0,90,0,2,0,1,9,9,0,1,1,0,11
2023-04-15,200,90,80,370,1,0,0,0,0,34,0,10,0,0,17,2,5,7,0,0,0,24,0,1,0,1,0,0,60,6,44,0,0,1,0,1,0,0,5,1,0,0,0,9,3,0,2,4,0,0,0,0,0,0,98,0,0,0,2,10,10,0,3,2,0,7
2023-04-16,169,69,76,314,0,0,0,0,1,28,0,9,0,0,21,1,2,3,0,0,0,19,0,1,0,1,2,0,39,7,40,0,0,0,0,0,0,0,6,0,0,0,0,14,4,0,0,1,0,2,0,0,0,0,85,0,0,0,1,9,9,0,4,0,0,5
2023-04-17,208,69,73,350,0,0,0,0,0,36,0,14,0,0,24,0,9,4,0,0,0,13,0,2,0,5,0,0,55,8,39,0,0,0,0,0,0,0,2,0,0,0,0,15,5,0,1,0,0,0,0,0,1,0,90,0,0,0,1,8,6,0,7,3,0,2
2023-04-18,228,66,101,395,1,0,0,0,0,33,1,9,0,0,32,2,18,4,0,0,0,11,0,6,0,3,0,0,66,9,51,0,0,0,0,0,0,0,4,0,0,1,0,11,2,0,1,5,0,0,0,0,0,0,92,0,3,0,0,6,11,1,3,1,0,8
2023-04-19,192,65,90,347,0,0,0,0,0,32,0,17,1,0,12,2,18,3,0,0,0,19,0,7,0,3,0,0,40,10,44,0,0,0,0,0,0,0,6,0,0,1,0,6,1,0,0,5,0,1,0,0,0,0,97,0,0,0,0,5,6,0,4,0,0,7
2023-04-20,205,74,106,385,0,0,0,0,1,38,0,18,0,0,32,3,18,6,0,0,0,15,0,3,0,4,0,0,39,11,43,0,0,3,0,0,0,0,6,1,0,1,0,11,7,0,0,4,0,0,0,0,0,0,89,0,1,0,0,11,3,1,1,2,0,13
2023-04-21,198,58,91,347,0,0,0,0,0,28,1,13,0,0,19,2,7,8,0,0,1,14,0,4,0,1,0,0,59,5,45,0,0,2,0,0,0,0,3,0,0,0,0,11,4,1,0,5,0,0,0,0,0,0,92,0,0,0,0,7,1,0,0,2,0,12
2023-04-22,207,63,81,351,1,0,0,0,2,32,0,16,0,0,26,3,4,3,0,0,0,13,0,4,0,1,0,0,48,4,38,0,0,3,0,1,0,0,4,0,0,0,0,11,5,1,1,2,0,1,0,0,0,0,95,0,3,0,0,10,4,0,1,4,0,10
2023-04-23,180,63,81,324,0,0,0,0,0,33,0,7,0,0,26,1,3,2,0,0,0,14,0,2,0,0,0,0,45,6,52,0,0,1,0,0,0,0,7,0,0,0,0,6,5,0,1,3,0,0,0,0,0,0,89,0,2,0,0,7,6,0,0,2,0,4
2023-04-24,210,69,81,360,0,0,0,0,1,41,0,8,0,0,36,2,6,3,0,0,0,9,0,3,0,0,0,0,49,7,37,0,0,2,0,0,0,0,7,0,0,1,0,9,9,0,2,0,0,0,0,1,0,0,96,1,1,0,0,9,5,1,4,1,1,8
2023-04-25,192,56,111,359,0,0,0,0,0,28,0,13,0,0,24,1,14,1,0,0,0,9,0,7,0,1,0,0,51,5,58,0,0,0,0,0,0,0,8,0,0,1,0,13,5,0,1,4,0,2,0,0,0,0,85,0,2,0,0,13,4,3,0,0,0,6
2023-04-26,197,60,124,381,2,1,0,0,1,38,0,13,0,0,22,0,8,1,0,0,0,10,0,9,0,2,0,0,44,4,74,0,0,1,0,0,0,0,10,0,0,1,0,11,4,0,0,3,0,0,0,0,0,0,95,0,0,0,0,10,1,0,3,4,0,9
2023-04-27,208,61,108,377,0,0,0,0,0,28,0,8,0,0,35,1,9,2,0,0,0,11,0,4,0,1,1,0,52,5,55,0,0,1,0,0,0,0,13,0,0,2,0,8,6,0,1,3,0,1,0,0,0,0,97,0,2,0,0,11,8,1,0,2,0,9
2023-04-28,201,80,85,366,1,1,0,0,1,39,1,14,0,0,21,3,7,7,0,0,0,21,0,2,0,2,0,1,48,6,42,0,0,1,0,0,0,0,6,0,0,0,0,9,4,0,1,1,0,2,0,0,0,0,96,0,1,0,0,9,3,0,5,1,0,10
2023-04-29,179,43,72,294,0,0,0,0,0,22,0,10,1,0,25,2,1,0,0,0,0,10,0,0,0,0,0,1,48,10,38,0,0,1,0,1,0,0,5,0,0,1,0,9,3,0,0,4,0,0,0,0,0,0,82,0,0,0,0,6,5,0,2,0,0,7
2023-04-30,163,66,56,285,0,0,0,0,1,33,0,11,0,0,22,2,3,3,0,0,0,9,0,5,0,2,0,0,33,5,29,0,0,3,0,0,0,0,4,0,0,0,0,9,2,0,0,0,0,0,0,0,1,0,81,0,0,0,0,11,10,0,1,0,0,5
2023-05-01,213,71,118,402,0,0,0,0,1,36,0,15,2,0,26,2,7,1,0,0,0,13,0,2,0,3,1,0,55,2,66,1,0,0,0,0,0,0,10,1,0,1,0,14,5,0,1,1,0,0,0,0,0,0,99,0,1,0,0,9,9,0,6,1,0,11
2023-05-02,203,67,113,383,0,0,0,0,1,37,1,4,0,0,41,3,19,4,0,0,0,19,0,3,0,3,1,0,51,5,57,0,0,1,0,1,0,0,6,0,0,0,0,12,4,2,0,2,0,0,0,0,0,0,87,0,1,0,0,6,1,0,1,2,0,8
2023-05-03,214,52,131,397,1,1,0,0,0,25,2,11,0,0,30,2,20,4,0,0,0,13,0,5,0,0,0,0,56,5,56,0,0,0,0,0,0,0,9,0,0,0,0,16,8,0,0,5,0,4,0,0,0,0,95,1,1,0,0,7,3,1,4,1,0,11
2023-05-04,185,63,119,367,1,0,0,0,0,31,2,12,0,0,26,2,20,6,0,0,0,11,0,5,0,2,1,1,38,4,45,0,0,2,0,0,0,0,6,0,0,1,0,18,5,0,1,5,0,0,0,0,2,0,87,0,3,0,0,9,5,1,2,1,0,11
2023-05-05,219,84,111,414,0,0,0,0,0,38,1,11,1,0,37,5,10,8,0,0,0,15,0,1,0,4,0,0,57,4,61,0,0,1,0,0,0,0,4,0,0,1,0,12,7,0,3,1,0,0,0,0,0,0,94,0,0,0,0,9,11,1,4,0,0,13
2023-05-06,189,71,107,367,2,0,0,0,0,38,0,7,0,0,29,0,8,1,0,0,0,17,0,5,0,0,0,0,55,3,43,0,0,2,0,1,0,0,12,0,0,0,0,8,16,0,0,3,0,1,0,0,1,0,88,0,1,0,1,8,6,0,0,1,0,10
2023-05-07,166,80,84,330,0,0,0,0,0,39,0,5,0,0,18,1,3,7,0,0,0,15,0,0,0,1,2,0,36,11,41,0,0,3,0,0,0,0,10,0,0,0,0,11,5,0,0,1,0,1,0,0,0,0,91,0,1,0,0,15,4,0,2,0,0,7
2023-05-08,190,78,91,359,1,0,1,0,0,39,0,15,0,0,30,1,4,3,0,0,0,15,0,2,0,3,0,0,48,4,45,0,0,1,0,0,0,0,8,0,0,0,0,12,11,0,2,1,0,1,0,0,0,0,79,1,2,0,2,11,6,0,3,2,0,6
2023-05-09,185,65,110,360,2,0,0,0,0,31,1,16,1,0,25,3,23,3,1,0,0,15,0,7,0,0,0,0,43,11,47,0,0,2,0,1,0,0,6,0,0,0,0,9,7,0,1,1,0,2,0,0,0,0,78,1,0,0,0,11,4,0,0,0,0,8
2023-05-10,183,68,106,357,2,0,0,0,0,30,0,9,1,0,16,2,10,7,0,0,0,15,0,5,0,2,0,0,56,3,50,0,0,1,0,0,0,0,9,0,0,2,0,11,2,0,0,4,0,2,0,0,2,0,81,0,0,0,1,12,3,0,7,2,0,10
2023-05-11,197,63,100,360,1,0,0,0,0,19,0,8,0,0,32,0,10,7,0,0,0,20,0,5,0,1,1,2,51,8,42,0,0,2,0,0,0,0,7,0,0,0,0,12,11,0,1,2,0,4,0,0,0,0,87,0,2,0,2,10,4,0,3,0,0,5
2023-05-12,200,96,109,405,1,0,0,0,0,54,0,11,0,0,20,1,14,5,0,0,0,19,0,5,0,1,0,0,55,1,64,0,0,1,0,0,0,0,2,0,0,1,0,6,5,0,0,6,0,0,0,0,0,0,96,0,1,0,0,13,5,0,8,1,0,9
2023-05-13,183,94,81,358,0,0,1,0,0,54,0,9,0,1,29,0,2,0,0,0,0,18,0,0,0,2,0,0,41,8,44,0,0,0,0,0,0,0,7,0,0,0,0,8,5,0,1,4,0,1,0,0,0,0,91,1,0,0,0,15,6,0,0,2,0,8
2023-05-14,158,81,88,327,0,0,0,0,0,43,1,9,0,0,20,0,6,3,0,0,0,13,0,2,0,2,1,0,38,4,41,0,0,2,0,0,0,0,10,0,0,0,0,15,3,1,2,2,0,1,0,0,0,0,81,0,0,0,0,11,9,0,1,0,0,6
2023-05-15,179,53,95,327,0,1,0,0,0,29,1,7,1,1,18,3,7,2,0,0,0,7,0,2,0,1,0,0,50,11,54,0,0,0,0,0,0,0,4,0,0,1,0,10,1,0,0,1,0,0,0,0,2,0,86,0,0,0,1,6,8,0,0,0,0,12
2023-05-16,204,62,96,362,0,0,0,0,0,27,1,11,0,0,28,0,17,10,0,0,0,9,0,0,0,1,0,0,55,7,50,0,0,0,0,0,0,0,3,0,0,1,0,9,2,0,1,5,0,0,0,0,0,0,93,0,2,0,0,9,6,0,6,0,0,9
2023-05-17,231,61,111,403,0,0,0,0,0,32,2,13,0,0,19,1,15,4,0,0,0,10,0,5,0,5,0,1,57,5,48,0,0,2,0,0,0,0,10,1,0,0,0,8,9,0,0,4,0,2,0,0,0,0,114,1,3,0,0,9,5,0,5,1,0,12
2023-05-18,196,63,107,366,0,0,0,0,0,28,2,10,2,0,23,0,18,5,0,0,0,16,0,4,0,0,0,0,48,15,51,0,0,0,0,0,0,0,3,0,0,0,0,18,6,0,0,3,0,0,0,0,0,0,89,0,2,0,1,7,6,0,2,1,0,6
2023-05-19,203,73,128,404,0,0,0,0,0,39,1,16,0,0,32,2,20,7,0,0,0,7,1,3,0,5,0,0,47,6,56,0,0,4,0,0,0,0,8,1,0,1,0,13,8,0,2,4,0,0,0,1,0,0,90,0,0,0,1,10,6,0,0,1,0,12
2023-05-20,187,72,96,355,2,0,0,0,0,34,0,8,1,0,31,4,11,8,0,0,0,16,0,2,0,2,0,0,54,0,47,0,0,5,0,1,0,0,3,0,0,1,0,10,5,0,0,1,0,0,0,0,0,0,86,0,0,0,0,8,6,0,0,0,0,9
2023-05-21,158,64,69,291,0,0,0,0,0,28,0,7,0,0,15,1,3,1,0,0,0,20,0,0,0,0,0,0,45,8,35,0,0,5,0,0,0,0,3,0,0,0,0,3,5,1,4,1,0,2,0,1,0,0,73,0,7,0,1,8,2,0,2,0,0,10
2023-05-22,226,78,90,394,0,0,0,0,0,40,0,10,0,0,25,1,9,7,0,0,0,12,0,1,0,3,0,0,43,5,42,0,0,2,0,0,0,0,4,0,0,1,0,11,5,0,0,6,0,0,0,0,1,0,132,0,0,0,1,10,8,1,5,0,0,9
2023-05-23,230,65,94,389,0,0,0,0,0,31,0,10,0,0,28,1,14,6,0,0,0,10,0,2,0,2,0,0,57,8,50,1,0,0,0,0,0,0,4,1,0,0,0,9,3,0,1,4,0,1,0,0,1,0,117,1,0,0,0,9,6,0,3,1,0,8
2023-05-24,200,77,98,375,0,0,0,0,0,36,2,9,3,0,17,1,13,3,0,0,0,17,0,10,0,1,0,2,43,7,42,0,0,1,0,0,0,0,7,0,0,0,0,8,10,0,2,0,0,1,0,0,1,0,105,0,2,0,1,14,4,0,3,0,0,10
2023-05-25,245,61,97,403,0,0,0,0,1,25,0,14,0,0,28,1,10,6,0,0,0,15,0,1,0,1,0,0,66,0,47,0,0,2,0,0,0,0,9,0,0,3,0,10,4,0,0,4,0,0,0,0,0,0,127,0,1,0,1,11,3,0,5,0,0,8
2023-05-26,193,85,108,386,0,1,0,0,0,50,0,7,0,0,26,0,20,7,0,0,0,9,0,1,0,0,0,0,49,5,49,0,0,0,0,0,0,0,1,0,0,0,0,11,13,0,0,1,0,3,0,0,0,0,101,0,1,0,2,10,7,0,2,1,0,9
2023-05-27,194,76,79,349,0,1,0,0,0,36,1,12,0,0,22,3,11,4,0,0,0,16,0,2,0,2,0,0,56,3,41,0,0,1,0,0,0,0,2,1,0,2,0,3,4,0,2,1,0,2,0,0,0,0,90,0,2,0,1,8,8,0,1,0,0,11
2023-05-28,203,67,65,335,1,0,0,0,1,32,0,12,0,0,20,0,5,3,0,0,0,18,0,2,0,1,0,1,54,6,35,0,0,0,0,0,0,0,5,0,0,2,0,7,3,0,0,1,0,1,0,0,0,0,105,0,1,0,1,11,2,0,0,1,0,4
2023-05-29,184,74,83,341,0,0,0,0,0,37,0,12,0,0,25,2,6,3,0,0,0,16,0,1,0,0,0,0,45,2,41,0,0,1,0,0,0,0,6,0,0,2,0,10,7,0,1,1,0,2,0,0,0,0,93,0,2,0,1,8,8,0,2,0,0,7
2023-05-30,208,58,91,357,0,0,0,0,1,24,0,16,0,0,24,1,12,4,0,0,0,16,0,0,0,1,0,0,55,1,42,1,0,0,0,0,0,0,4,1,0,0,0,15,8,0,0,4,0,0,0,0,0,0,101,1,3,0,0,7,5,0,4,0,0,6
2023-05-31,208,61,96,365,0,0,0,0,0,32,0,10,0,0,25,2,10,6,0,0,0,11,0,5,0,1,0,0,48,3,47,0,0,0,0,0,0,0,10,1,0,1,0,8,11,0,1,1,0,0,0,0,1,0,112,0,0,0,0,9,1,0,2,0,0,7
2023-06-01,255,66,127,448,0,0,0,0,1,35,1,13,2,0,33,2,21,2,0,0,0,14,0,6,0,4,0,0,72,4,59,0,0,0,0,0,0,0,4,0,0,2,0,16,7,1,1,2,0,2,0,0,0,0,114,0,0,0,0,6,8,1,3,1,0,11
2023-06-02,227,78,106,411,1,0,0,0,0,43,3,12,0,0,25,1,22,1,0,0,0,21,0,4,0,0,0,1,65,13,46,0,0,1,0,0,0,0,6,0,0,1,0,7,3,1,1,2,0,0,0,0,0,0,101,0,0,0,0,8,4,0,3,0,0,15
2023-06-03,212,77,73,362,0,0,0,0,1,39,0,10,0,0,30,0,6,2,0,0,0,13,0,3,0,5,0,1,60,4,39,0,0,0,0,0,0,0,6,0,0,1,0,6,6,0,2,3,0,1,0,0,0,0,95,0,1,0,0,15,6,0,3,0,0,4
2023-06-04,175,96,76,347,0,0,0,0,1,49,1,5,0,0,15,0,5,2,0,0,0,24,0,2,0,2,0,0,55,2,39,0,0,2,0,1,0,0,4,1,0,0,0,10,7,0,4,1,0,0,0,0,0,0,89,0,0,0,1,13,2,1,1,1,0,7
2023-06-05,226,84,102,412,0,0,0,0,1,44,1,10,0,0,26,0,8,3,0,0,0,20,0,1,0,2,0,0,45,6,58,0,0,0,0,0,0,0,10,0,0,0,0,14,3,0,0,0,0,0,0,0,0,0,131,0,0,0,0,13,4,0,2,1,0,9
2023-06-06,194,73,112,379,0,0,0,0,0,27,0,13,0,1,16,1,17,6,0,0,0,17,0,4,0,3,0,0,51,2,57,0,0,0,0,1,0,0,7,0,0,1,0,9,5,0,1,3,0,1,0,0,1,1,98,0,2,0,0,18,4,0,3,1,0,8
2023-06-07,229,66,121,416,1,0,0,0,0,38,1,8,0,0,27,1,21,5,0,0,0,14,0,3,0,0,0,0,58,13,58,0,0,1,0,0,0,0,3,0,0,2,0,11,7,0,0,3,0,0,0,0,1,0,112,1,0,0,0,5,4,0,5,0,0,13
2023-06-08,196,65,100,361,0,1,0,0,0,21,1,13,0,0,18,4,19,3,0,0,0,19,0,3,0,2,0,0,55,2,48,0,0,0,0,0,0,1,4,0,0,0,0,8,6,0,2,2,0,0,0,0,1,0,94,0,3,0,1,8,10,0,1,0,0,11
2023-06-09,211,87,104,402,1,0,0,0,0,50,1,8,0,0,27,0,14,2,0,0,0,16,0,5,0,1,0,0,48,2,57,0,0,2,0,0,0,0,3,1,0,0,0,8,5,0,0,3,0,1,0,0,1,0,116,0,0,0,3,9,6,1,2,0,0,9
2023-06-10,199,110,92,401,0,1,0,0,0,62,0,12,0,0,28,3,7,3,0,0,0,16,0,3,0,0,0,1,61,7,49,0,0,1,0,1,0,1,7,0,0,0,0,7,2,0,3,3,0,2,0,1,1,0,85,0,0,0,0,14,11,0,0,0,0,9
2023-06-11,189,77,80,346,0,0,0,0,0,31,0,7,0,1,26,0,3,6,0,0,0,15,0,0,0,2,0,0,48,6,39,0,0,1,0,0,0,0,9,0,0,1,0,10,8,0,1,1,0,1,0,0,0,0,96,0,3,0,0,16,8,0,1,0,0,6
2023-06-12,224,73,92,389,0,0,0,0,0,41,0,8,0,0,37,1,8,3,0,0,0,9,0,5,0,2,0,0,55,6,48,0,0,2,0,0,0,0,7,0,0,1,0,12,4,1,0,0,0,2,0,0,0,0,105,0,2,0,5,13,2,0,3,0,0,7
2023-06-13,206,76,105,387,1,0,0,0,0,43,0,9,0,0,24,3,16,6,0,0,0,12,0,4,0,2,0,0,49,4,50,0,0,2,0,0,0,0,9,0,0,3,0,6,4,0,1,2,0,1,0,1,0,0,102,1,2,0,0,10,4,1,4,1,0,10
2023-06-14,204,66,103,373,1,0,0,0,0,34,0,2,0,0,18,1,20,7,0,0,0,18,0,7,0,2,0,0,41,6,40,0,0,2,0,2,0,0,12,0,0,1,0,6,1,0,0,3,0,3,0,0,0,0,119,1,3,0,0,6,1,0,2,2,0,12
2023-06-15,190,60,113,363,3,0,1,0,0,35,1,5,0,0,18,1,17,1,0,0,0,10,0,6,0,1,0,0,47,7,47,0,0,3,0,0,0,0,5,0,0,2,0,15,5,0,0,3,0,1,0,0,0,0,101,0,2,0,0,9,5,1,0,0,0,11
2023-06-16,235,88,101,424,0,1,0,0,1,40,0,10,0,0,25,2,14,6,0,0,0,21,0,5,0,4,0,0,55,9,49,0,0,1,0,0,0,0,7,0,0,1,0,11,4,0,1,3,0,1,0,0,0,0,121,0,2,0,0,11,9,0,0,1,0,9
2023-06-17,189,99,79,367,1,0,0,0,0,46,0,6,0,0,26,1,6,4,0,0,0,13,0,4,0,2,0,0,51,2,38,0,0,2,0,0,0,0,4,1,0,1,0,11,2,0,3,0,0,1,0,0,0,0,93,0,1,0,0,22,10,0,2,1,0,13
2023-06-18,180,86,86,352,0,0,0,0,0,50,0,5,0,0,23,1,7,2,0,0,0,19,0,3,0,2,0,0,50,3,45,0,0,1,0,0,0,0,4,0,0,0,0,12,8,0,1,0,0,1,0,0,0,0,89,1,1,0,0,9,5,0,1,1,0,8
2023-06-19,215,73,84,372,0,0,0,0,0,34,0,9,0,0,14,3,8,1,0,0,0,19,0,2,0,0,0,0,53,11,53,0,0,1,0,0,0,0,4,1,0,0,0,10,3,0,0,0,0,1,0,1,0,0,119,1,1,0,1,12,5,0,1,1,0,3
2023-06-20,227,57,116,400,1,0,0,0,1,27,0,9,0,0,29,1,11,3,0,0,0,14,0,2,0,4,0,0,56,14,66,0,0,0,0,0,0,0,9,0,0,0,0,8,6,0,2,3,0,0,0,0,1,0,110,0,0,0,0,9,2,1,0,0,0,11
2023-06-21,259,68,111,438,1,0,0,0,1,35,0,13,0,0,26,3,17,4,0,0,0,15,0,5,0,3,0,0,53,10,47,0,0,1,0,0,0,0,10,1,0,1,0,9,9,0,0,1,0,1,0,0,0,0,126,1,14,0,2,7,4,2,1,1,0,14
2023-06-22,192,72,108,372,1,0,0,0,0,29,2,6,0,0,24,0,15,4,0,0,0,24,0,3,0,1,1,0,44,6,47,0,0,2,0,0,0,1,5,0,0,0,0,7,15,1,0,5,0,0,0,0,1,0,100,0,3,0,0,11,3,0,1,2,0,8
2023-06-23,216,81,83,380,1,0,0,0,0,41,0,12,0,1,26,2,11,4,0,0,0,15,0,4,0,1,0,0,48,9,38,0,0,1,0,0,0,0,6,0,0,1,0,9,3,0,0,2,0,1,0,0,1,0,108,0,1,0,0,12,9,0,4,1,0,8
2023-06-24,209,87,80,376,1,0,0,0,0,43,0,10,0,0,24,1,9,3,0,0,0,13,0,1,0,0,0,0,58,9,39,0,0,2,0,1,0,0,6,0,0,0,0,6,4,0,1,1,0,3,0,0,0,0,102,1,0,0,0,14,13,0,1,2,0,8
2023-06-25,244,101,81,426,0,0,0,0,0,34,0,13,0,0,35,1,6,2,0,0,0,34,0,6,0,0,0,0,86,10,46,0,0,1,0,0,0,0,13,1,0,0,0,5,2,0,1,0,0,0,0,0,0,0,91,0,2,0,2,18,9,0,0,0,0,8
2023-06-26,216,81,92,389,1,1,0,0,2,39,1,11,0,0,32,0,4,5,0,0,0,19,0,1,0,2,0,0,60,4,59,0,0,0,0,0,0,0,5,0,0,1,0,10,6,0,1,0,0,0,0,0,1,0,100,0,0,0,1,12,4,0,3,0,0,4
2023-06-27,211,71,85,367,0,1,0,0,0,36,1,6,0,0,18,1,7,5,0,0,0,15,0,10,0,1,0,0,41,6,44,0,0,1,0,0,0,0,7,0,0,0,0,10,7,0,0,1,0,0,0,0,0,0,122,0,1,0,0,10,5,0,4,0,0,7
2023-06-28,230,69,86,385,0,0,0,0,0,33,2,11,0,0,35,4,14,3,0,0,0,11,0,11,0,2,1,0,54,9,44,0,0,2,0,1,0,0,6,1,0,1,0,8,2,0,2,2,0,0,0,0,0,0,96,0,1,0,1,15,3,0,5,0,0,5
2023-06-29,206,72,79,357,0,2,0,0,0,31,1,7,0,0,34,3,11,1,0,0,0,21,0,8,0,1,0,0,41,11,33,0,0,0,0,0,0,0,9,1,0,2,0,9,4,0,0,1,0,0,0,0,0,0,95,0,2,0,0,10,8,0,3,0,0,8
2023-06-30,202,76,101,379,0,1,0,0,0,35,0,7,0,0,16,2,10,6,0,0,0,17,0,2,0,3,0,0,46,5,49,0,0,0,0,1,0,0,9,0,0,0,0,9,7,0,3,1,0,0,0,0,0,0,113,0,3,0,0,13,2,0,5,0,0,14
2023-07-01,225,86,86,397,3,0,0,0,1,44,1,4,0,0,18,5,7,8,0,0,0,12,0,5,0,4,0,0,63,6,42,0,0,0,0,1,0,0,8,1,0,0,0,9,7,0,1,1,0,0,0,0,1,0,110,0,0,0,1,9,10,0,8,0,0,7
2023-07-02,208,72,94,374,1,0,0,0,0,34,0,6,0,0,39,2,11,1,0,0,0,17,0,0,0,1,0,0,51,0,44,0,0,4,0,0,0,0,5,0,0,1,0,9,8,0,0,0,0,0,0,1,1,0,100,0,4,0,2,12,6,0,4,1,0,9
2023-07-03,209,62,91,362,1,0,0,0,2,26,0,6,0,0,29,0,11,7,0,0,2,12,0,2,0,1,0,0,49,8,46,0,0,1,0,0,0,0,5,0,0,0,0,7,8,0,1,2,0,0,0,0,0,0,107,0,0,0,0,12,4,0,4,1,0,7
2023-07-04,195,75,92,362,2,0,0,0,0,34,0,10,0,0,22,1,4,5,0,0,0,21,0,3,0,1,0,0,45,6,43,0,0,1,0,1,0,0,10,0,0,0,0,10,5,0,4,2,0,2,0,0,0,0,102,1,2,0,1,9,1,1,1,0,0,12
2023-07-05,229,84,94,407,0,0,0,0,1,39,1,14,0,0,27,1,8,7,0,0,0,17,0,6,0,5,0,0,48,8,43,0,0,2,0,0,0,0,8,1,0,2,0,9,6,0,0,4,0,2,0,0,1,0,107,0,0,0,2,9,9,0,9,2,0,9
2023-07-06,239,67,104,410,0,0,0,0,1,32,0,9,0,0,28,2,20,6,0,0,0,11,0,6,0,1,0,0,56,5,51,0,0,0,0,0,0,0,4,1,0,1,0,11,7,0,0,3,0,1,0,0,0,0,123,0,0,0,1,11,5,0,7,1,0,6
2023-07-07,208,74,113,395,2,0,0,0,0,36,0,8,1,0,22,0,19,4,0,0,0,14,0,4,0,2,0,0,57,12,46,0,0,0,0,0,0,0,7,1,0,1,0,13,8,0,1,1,0,0,0,0,2,0,99,1,1,0,1,10,7,0,1,1,0,13
2023-07-08,223,85,83,391,0,0,0,0,0,44,1,9,0,0,23,3,3,4,0,0,0,21,0,3,0,2,0,0,60,9,51,0,0,0,0,0,0,0,5,0,0,2,0,8,4,0,0,1,0,0,0,0,0,0,111,1,1,0,0,13,3,0,0,0,0,9
2023-07-09,196,52,71,319,0,0,0,0,0,24,0,14,0,0,34,1,4,3,0,0,0,12,0,3,0,1,0,0,45,4,48,0,0,1,0,0,0,0,8,0,0,1,0,4,1,0,0,0,0,1,0,0,0,0,90,2,1,0,1,8,4,0,1,0,0,3
2023-07-10,182,51,82,315,0,1,0,0,0,32,0,9,0,0,32,0,6,1,0,0,0,11,0,0,0,1,0,0,36,3,37,0,0,0,0,0,0,0,6,0,0,2,0,14,2,0,0,5,0,0,0,0,0,0,101,0,0,0,1,5,1,0,0,0,0,9
2023-07-11,235,77,106,418,0,0,0,0,0,35,0,8,0,0,46,1,18,8,0,0,0,12,0,1,0,1,0,0,59,8,47,0,0,0,0,0,0,0,9,0,0,0,0,10,3,0,1,10,0,2,0,0,0,0,103,1,0,0,1,14,6,0,6,1,0,7
2023-07-12,192,65,97,354,1,0,0,0,0,29,1,8,0,0,15,0,16,4,0,0,0,13,0,6,0,1,0,0,53,8,48,0,1,1,0,0,0,0,3,1,0,1,0,12,6,0,1,2,0,0,0,0,0,0,88,0,1,0,0,9,7,0,10,1,0,7
2023-07-13,206,62,108,376,0,1,0,0,0,21,0,7,0,0,21,1,15,6,0,0,0,15,0,5,0,4,0,0,37,5,43,0,0,1,0,0,0,0,14,1,0,1,0,9,1,0,0,3,0,0,0,0,1,1,119,1,2,0,2,9,8,0,4,0,0,18
2023-07-14,207,71,98,376,1,0,0,0,0,29,1,16,0,0,30,2,15,2,0,0,0,22,0,2,0,2,0,0,46,5,37,0,0,1,0,0,0,1,9,0,0,2,0,9,7,0,1,6,0,2,0,0,1,0,96,0,1,0,0,10,6,0,4,2,0,8
2023-07-15,221,89,99,409,0,0,0,0,0,41,0,9,0,0,29,2,5,5,0,0,0,25,0,5,0,1,0,0,60,7,49,0,0,2,0,3,0,0,6,0,0,1,0,14,9,0,0,1,0,4,0,0,0,0,103,0,2,0,1,11,6,0,3,0,0,5
2023-07-16,165,77,86,328,0,0,0,0,0,43,0,4,0,0,22,1,13,5,0,0,0,13,0,5,0,1,0,0,44,2,36,0,0,0,0,3,0,0,6,0,0,1,0,8,9,0,1,0,0,2,0,0,0,0,84,0,0,0,0,11,4,0,1,1,0,8
2023-07-17,169,76,81,326,0,0,0,0,0,35,0,11,0,0,21,1,7,5,0,0,0,21,0,2,0,4,0,0,41,4,39,0,0,0,0,0,0,0,10,0,0,0,0,9,4,0,0,3,0,1,0,1,0,0,81,0,0,0,0,12,3,0,3,1,0,7
2023-07-18,217,73,110,400,1,0,0,0,0,34,0,12,0,1,25,1,17,5,0,0,0,9,0,5,0,2,0,1,52,12,54,0,0,0,0,0,0,0,11,0,0,0,0,10,5,1,2,2,0,1,0,0,0,0,102,0,1,0,2,16,5,0,2,3,0,6
2023-07-19,237,82,97,416,1,0,0,0,0,43,1,16,0,0,28,1,16,5,0,0,0,14,0,8,0,2,1,1,60,10,46,0,0,0,0,0,0,0,9,1,0,1,0,8,5,0,0,1,0,0,0,0,0,0,103,0,2,0,1,12,6,0,5,1,0,8
2023-07-20,219,67,103,389,0,0,0,0,0,31,2,15,0,0,31,2,8,4,0,0,0,17,0,3,0,2,0,0,51,5,57,0,0,1,0,1,0,0,5,0,0,2,0,7,10,0,2,5,0,1,0,1,0,0,101,0,2,0,1,7,5,0,3,2,0,5
2023-07-21,203,66,100,369,1,0,0,0,0,28,0,7,0,0,27,2,11,2,0,0,1,18,0,4,0,1,0,0,50,8,50,0,0,1,0,1,0,0,6,0,0,0,0,9,11,1,0,1,0,0,0,0,0,0,97,2,1,0,0,12,6,0,4,0,0,7
2023-07-22,217,83,99,399,0,0,0,0,0,36,0,3,0,0,22,2,7,5,0,0,0,17,0,5,0,1,1,0,55,7,51,1,0,1,0,0,0,0,6,1,0,0,0,11,7,0,1,2,0,1,0,0,0,0,117,1,2,0,1,19,2,0,1,1,0,12
2023-07-23,193,87,87,367,0,0,0,0,0,46,0,7,1,0,31,1,8,3,0,0,0,25,0,1,0,0,0,0,47,9,46,0,0,3,0,1,0,0,8,0,0,0,0,4,4,0,0,2,0,1,0,0,1,0,91,0,2,0,0,9,4,2,0,2,0,8
2023-07-24,224,65,99,388,0,0,0,0,0,31,0,11,0,0,32,0,9,0,0,0,0,14,0,3,0,1,0,0,60,2,42,0,0,0,0,0,0,0,5,0,0,1,0,16,9,0,1,2,0,0,0,0,0,0,111,1,0,0,0,14,5,1,2,0,0,15
2023-07-25,224,62,80,366,0,0,0,0,0,24,0,12,0,0,28,0,9,5,0,0,0,16,0,4,0,2,0,0,56,5,40,0,0,0,0,0,0,0,8,0,0,2,0,5,3,0,0,0,0,0,0,0,0,0,111,0,0,0,0,13,4,1,3,2,0,13
2023-07-26,214,70,105,389,0,0,0,0,0,31,1,6,0,0,25,0,21,8,0,0,0,12,0,5,0,2,0,0,56,11,36,0,0,1,1,0,0,0,12,0,0,1,0,13,9,1,1,2,0,0,0,0,1,0,100,0,5,0,1,12,5,0,2,1,0,7
2023-07-27,206,83,111,400,0,0,0,0,0,37,0,14,1,0,26,0,22,4,0,0,0,26,0,7,0,3,0,0,44,6,48,0,0,1,0,0,0,0,6,0,0,1,0,8,7,0,1,6,0,0,0,0,0,0,100,0,4,0,1,11,3,0,1,1,0,11
2023-07-28,205,78,107,390,0,0,0,0,0,32,0,11,0,0,33,2,12,11,0,0,0,16,0,3,0,2,0,0,58,5,46,0,0,0,0,1,0,0,9,1,0,0,0,7,11,4,0,2,0,0,0,0,3,0,87,0,1,0,0,6,12,1,0,2,0,12
2023-07-29,213,73,77,363,1,0,0,0,0,36,2,9,1,0,38,0,6,4,0,0,0,17,0,0,0,2,0,0,49,5,36,0,0,3,0,0,0,0,2,0,0,0,0,7,7,2,1,0,0,2,0,0,6,0,101,0,3,0,2,9,4,0,3,1,0,4
2023-07-30,186,80,84,350,0,0,0,0,0,38,0,7,0,0,24,1,4,3,0,0,0,24,0,1,0,2,0,0,59,9,43,0,0,1,0,0,0,0,5,0,1,1,0,8,4,2,0,1,0,0,0,0,10,0,79,0,2,0,0,13,2,1,0,1,0,4
2023-07-31,198,55,106,359,1,0,0,0,0,29,0,9,0,0,27,0,14,3,0,0,0,9,0,2,0,3,0,0,52,5,48,0,0,1,0,0,0,0,10,0,0,3,0,10,8,1,0,3,0,1,1,0,0,0,92,1,1,0,0,9,5,1,3,1,0,6
2023-08-01,236,82,104,422,1,0,0,0,1,32,1,9,0,0,29,0,10,8,0,0,0,27,0,5,0,3,0,0,68,1,54,0,0,0,0,0,0,0,9,0,0,0,0,10,4,0,1,2,0,2,0,0,1,0,111,0,2,0,0,9,5,0,6,0,0,11
2023-08-02,239,62,122,423,0,0,0,0,0,36,1,6,0,0,55,2,29,3,0,0,0,10,0,5,1,5,0,0,51,6,59,0,0,0,0,0,0,0,7,0,0,0,1,7,7,0,0,2,0,0,0,0,3,0,100,0,3,0,0,6,7,0,4,1,0,6
2023-08-03,233,74,106,413,0,0,0,0,1,36,1,16,0,0,23,1,14,5,0,0,0,14,0,9,0,4,0,0,68,4,48,0,0,1,0,0,0,0,11,0,0,1,0,7,8,0,0,2,0,2,0,0,2,0,101,0,2,0,1,17,1,0,3,0,0,10
2023-08-04,241,82,103,426,0,0,0,1,1,36,0,20,0,0,48,1,10,5,0,0,0,25,0,0,0,1,0,0,62,4,35,0,0,3,0,0,0,0,13,0,0,0,0,11,14,0,0,2,0,1,0,0,2,0,97,0,1,0,2,9,5,0,5,1,0,11
2023-08-05,214,76,80,370,1,0,0,0,1,31,1,6,0,0,27,2,10,7,0,0,0,11,0,2,0,1,0,0,54,5,32,0,0,2,0,0,0,0,7,1,0,0,0,5,5,1,2,2,0,0,0,0,3,0,109,0,1,0,1,14,9,0,3,2,0,12
2023-08-06,201,98,89,388,1,1,0,0,0,50,0,6,0,0,31,4,8,4,0,0,0,22,0,0,0,2,0,0,42,3,48,0,0,2,0,0,0,0,10,2,0,0,0,6,3,0,1,2,0,0,0,0,2,0,110,0,1,0,0,16,3,0,0,2,0,6
2023-08-07,214,69,103,386,2,1,0,0,0,33,1,7,0,0,26,2,12,4,0,0,0,13,0,4,0,3,0,0,60,8,46,0,0,0,0,0,0,1,5,0,0,0,0,20,4,0,2,3,0,1,0,0,0,0,100,0,1,0,2,9,5,0,2,0,0,9
2023-08-08,211,56,93,360,0,0,0,0,0,25,2,9,1,0,24,1,16,6,0,0,0,13,0,1,0,2,0,0,49,7,41,0,0,1,0,1,0,0,7,0,0,0,0,6,6,0,1,3,0,0,0,0,0,0,108,0,5,0,0,8,3,0,3,0,0,11
2023-08-09,238,54,120,412,1,0,0,0,0,31,0,11,0,0,32,1,20,7,0,0,0,3,0,6,0,5,0,1,52,8,57,0,0,0,0,0,0,0,5,0,0,0,0,17,2,1,0,3,0,2,0,0,0,0,116,0,4,0,0,8,5,0,2,1,0,11
2023-08-10,201,69,109,379,0,0,0,0,0,30,0,13,0,0,24,3,18,4,0,0,0,16,0,5,0,5,0,0,51,7,49,0,0,2,0,0,0,0,4,0,0,1,0,9,4,0,0,5,0,0,0,0,1,0,83,0,2,0,1,12,6,0,8,0,0,16
2023-08-11,247,80,110,437,0,0,0,0,1,35,0,12,0,0,35,1,22,5,0,0,0,15,0,2,0,0,1,0,67,7,55,0,0,1,0,0,0,1,5,1,0,0,0,10,8,0,1,0,0,0,0,0,0,0,118,0,2,0,1,13,8,0,2,0,0,8
2023-08-12,182,90,93,365,0,0,0,0,0,42,1,8,1,0,26,0,11,3,0,0,0,21,0,1,0,0,0,0,49,2,33,0,0,4,0,0,0,0,10,0,0,1,0,11,7,0,3,3,0,1,0,0,0,0,91,0,2,0,1,12,8,0,2,0,0,11
2023-08-13,167,80,90,337,0,0,0,0,0,38,0,4,0,0,20,2,14,4,0,0,0,16,0,1,0,0,0,0,41,5,35,0,0,3,0,1,0,0,10,2,0,0,0,11,8,0,2,2,0,0,0,1,0,0,90,2,2,0,1,9,8,0,0,0,0,5
2023-08-14,174,76,107,357,2,0,0,0,0,48,2,7,0,0,25,1,17,3,0,0,0,13,0,2,0,2,0,0,43,3,44,0,0,1,0,0,0,0,9,0,0,2,0,7,6,0,0,2,0,0,0,1,1,0,87,1,0,0,0,7,5,0,0,1,0,15
2023-08-15,217,65,96,378,0,0,0,0,0,33,0,18,0,0,25,3,18,10,0,0,0,11,0,4,0,5,0,0,47,7,44,0,0,0,0,0,0,0,8,0,0,0,0,7,5,0,0,2,0,0,0,0,0,0,99,0,4,0,0,9,2,0,4,1,0,12
2023-08-16,170,69,98,337,1,0,0,0,0,27,0,7,1,0,14,1,15,1,0,0,1,25,0,0,0,0,0,0,46,3,48,0,0,2,0,0,0,0,4,1,0,1,0,7,4,0,0,3,0,2,0,0,1,0,96,1,1,0,2,12,1,0,1,0,0,8
2023-08-17,217,71,140,428,1,0,0,0,0,27,0,10,0,0,19,0,22,7,0,0,0,14,0,15,0,0,0,0,60,9,65,0,0,0,0,0,0,0,9,0,0,0,0,13,7,0,1,12,0,0,0,0,1,0,99,0,1,0,1,16,5,1,3,0,0,10
2023-08-18,250,77,113,440,0,0,0,0,0,35,0,11,2,0,27,2,17,2,0,0,0,19,0,5,0,2,0,0,63,9,54,0,0,1,0,1,0,0,12,0,0,2,0,12,4,0,1,3,0,0,0,0,0,0,126,0,2,0,0,15,5,0,3,0,0,5
2023-08-19,190,65,84,339,1,0,0,0,0,31,0,4,0,0,26,0,6,3,0,0,0,9,0,4,0,3,0,1,61,7,39,0,0,1,0,1,0,1,6,0,0,0,0,8,8,0,2,2,0,0,0,0,0,0,80,0,3,0,1,12,6,0,2,0,0,11
2023-08-20,209,89,84,382,0,0,0,0,0,39,1,12,0,0,29,1,6,6,0,0,0,23,0,2,0,1,0,0,53,7,42,0,0,2,0,0,0,0,6,0,0,0,0,10,3,0,0,3,0,1,0,0,0,0,98,0,3,0,2,11,8,0,1,1,0,11
2023-08-21,167,82,74,323,0,0,0,0,0,32,0,15,0,0,21,0,11,4,0,0,0,20,0,4,0,1,0,0,44,5,40,0,0,0,0,0,0,0,7,0,0,1,0,5,2,0,0,1,0,0,0,0,0,0,74,0,0,0,1,23,2,0,2,1,0,7
2023-08-22,214,74,114,402,0,0,0,0,0,34,0,4,0,0,28,3,19,8,0,0,0,9,0,4,0,1,0,0,44,10,49,0,0,0,0,0,0,0,8,0,0,0,0,18,6,0,1,2,0,5,0,0,0,0,107,3,5,0,3,15,4,1,3,1,0,7
2023-08-23,223,70,109,402,1,0,0,0,1,41,0,3,1,0,30,0,17,7,0,0,0,7,0,7,0,2,0,0,52,5,45,0,0,1,0,0,0,0,12,1,0,1,0,9,3,0,1,5,0,1,0,0,1,0,116,1,3,0,1,5,7,0,2,1,0,12
2023-08-24,184,59,86,329,0,0,0,0,0,27,1,7,0,0,13,3,17,4,0,0,0,9,0,5,0,1,0,0,41,2,37,0,0,1,0,0,0,0,7,0,0,0,0,6,5,0,0,3,0,0,0,0,0,0,109,0,1,0,0,13,6,0,1,0,0,10
2023-08-25,210,60,111,381,1,0,0,0,0,27,0,11,0,0,18,1,13,5,0,0,0,11,0,5,0,1,0,0,49,10,47,0,0,2,0,0,0,1,7,0,0,3,0,16,6,0,0,5,0,2,0,0,1,0,112,0,0,0,0,8,8,0,2,1,0,8
2023-08-26,230,68,84,382,1,0,0,0,0,28,1,11,1,0,37,1,7,6,0,0,0,15,0,4,0,1,1,0,53,5,39,0,0,1,0,2,0,0,10,0,0,0,0,9,4,0,2,2,0,1,0,0,1,0,115,0,2,0,0,11,6,0,0,0,0,5
2023-08-27,193,80,120,393,1,0,0,0,0,36,1,8,0,0,29,0,12,2,0,0,0,16,0,8,0,1,0,0,57,5,59,0,0,1,0,0,0,0,6,0,0,0,0,17,8,1,1,2,0,3,0,0,0,0,81,0,3,0,0,19,6,0,0,0,0,10
2023-08-28,174,49,97,320,1,0,0,0,0,24,2,7,1,1,25,2,6,1,0,0,0,13,0,4,0,2,0,0,32,1,46,0,0,1,0,0,0,0,8,3,0,1,0,13,5,0,0,2,0,1,0,1,0,0,95,0,3,0,1,4,3,0,1,0,0,10
2023-08-29,203,70,95,368,1,0,0,0,2,36,3,12,0,0,19,1,12,6,0,0,0,17,0,12,0,2,0,0,50,6,40,0,0,2,0,0,0,1,5,0,0,1,0,11,8,0,1,7,0,0,0,0,1,0,89,0,4,0,0,8,1,0,3,0,0,7
2023-08-30,226,60,90,376,0,0,0,0,0,23,0,16,0,0,21,1,14,8,0,0,0,10,0,10,0,6,0,0,40,3,40,0,0,0,0,0,0,0,8,0,0,0,0,11,1,1,2,1,0,1,0,0,1,0,120,0,2,0,0,17,0,0,5,2,0,12
2023-08-31,208,75,95,378,0,0,0,0,0,36,0,9,0,0,19,4,18,5,0,0,0,17,0,3,0,8,0,1,43,4,48,0,0,0,0,0,0,0,6,0,0,0,0,7,7,0,2,1,0,0,0,0,0,0,107,1,2,0,0,10,5,1,7,0,0,7
2023-09-01,244,77,123,444,1,1,0,0,1,34,0,11,0,0,28,0,24,5,0,0,0,14,0,7,0,2,0,0,53,6,59,0,0,1,0,0,0,0,8,0,0,2,0,10,3,0,1,5,0,0,0,0,0,0,129,0,0,0,1,16,6,1,6,0,0,9
2023-09-02,277,68,97,442,3,0,0,0,1,36,0,9,0,0,34,1,6,5,0,0,0,14,0,2,0,2,0,0,116,7,50,0,0,1,0,4,0,0,3,0,0,1,0,6,8,0,0,5,0,3,0,0,0,0,94,1,1,0,0,9,4,1,6,2,0,7
2023-09-03,212,87,76,375,0,0,0,0,0,51,0,12,0,0,38,0,2,4,0,0,0,17,0,1,0,2,0,0,67,8,38,0,0,1,0,2,0,0,5,0,0,0,0,12,7,0,1,1,0,1,0,0,0,0,79,0,4,0,0,12,2,0,0,1,0,7
2023-09-04,203,62,67,332,0,0,0,0,0,31,0,16,0,0,23,1,3,2,0,0,0,17,0,1,0,2,0,0,40,10,43,0,0,0,0,0,0,0,5,0,0,0,0,5,3,0,0,0,0,1,0,0,0,0,103,0,2,0,0,8,4,0,4,1,0,7
2023-09-05,216,71,92,379,0,0,0,0,0,40,0,15,0,0,23,0,20,5,0,0,0,9,0,5,0,2,0,0,55,8,35,0,0,1,0,0,0,0,6,0,0,1,0,16,3,1,2,2,0,1,0,0,0,0,103,0,1,0,1,8,6,0,4,0,0,6
2023-09-06,229,54,108,391,0,0,0,0,1,22,0,11,3,0,21,0,15,3,0,0,0,13,0,25,0,1,0,0,47,12,40,0,0,1,0,0,0,0,6,0,0,4,0,14,8,0,1,5,0,1,0,0,0,0,105,0,2,0,1,10,4,0,3,1,0,11
2023-09-07,203,61,108,372,0,0,0,0,0,29,1,10,0,0,21,3,21,3,0,0,0,14,0,3,0,1,0,0,46,6,47,0,0,1,0,0,0,0,7,0,0,0,0,18,1,0,0,1,0,0,0,0,0,0,101,0,2,0,0,13,2,0,7,2,0,12
2023-09-08,200,74,124,398,0,0,0,0,0,31,1,10,0,0,18,3,19,4,0,0,0,17,0,6,0,4,0,0,46,12,58,0,0,2,0,0,0,0,10,0,0,0,0,14,6,0,1,1,0,2,0,0,0,0,93,1,0,0,0,14,7,0,6,0,0,12
2023-09-09,191,81,101,373,0,0,0,0,1,37,0,9,0,0,30,0,8,8,0,0,0,15,0,2,0,0,0,1,58,2,44,0,0,3,0,0,0,0,10,0,0,0,0,7,2,0,1,5,0,2,0,0,1,0,87,0,1,0,1,12,7,0,1,0,0,18
2023-09-10,180,73,80,333,1,0,0,0,0,40,0,15,0,0,17,1,8,1,0,0,0,14,0,2,0,2,0,0,42,7,42,0,0,1,0,0,0,0,6,0,0,1,0,10,7,0,0,1,0,0,0,0,0,0,90,2,1,0,1,15,2,0,1,0,0,3
2023-09-11,205,67,83,355,0,1,0,0,1,38,0,13,1,0,25,1,11,3,0,0,0,11,0,2,0,1,0,0,46,4,36,0,0,1,0,0,0,1,5,0,0,3,0,7,8,0,0,2,0,0,0,1,1,0,101,0,4,0,0,11,3,0,7,0,0,6
2023-09-12,233,83,114,430,2,0,0,0,0,39,1,13,0,0,30,1,24,5,0,0,0,22,0,3,0,2,0,0,56,10,46,0,0,1,0,0,0,0,10,0,0,0,0,11,7,0,0,3,0,0,0,0,2,0,104,0,5,0,0,12,5,0,7,1,0,8
2023-09-13,213,106,109,428,2,0,0,0,0,57,0,8,0,0,30,2,16,8,0,0,0,15,0,4,0,3,0,0,60,5,51,0,0,0,0,0,0,0,8,1,0,1,0,15,4,0,0,5,0,0,0,0,1,0,93,1,1,0,0,20,5,0,6,0,0,6
2023-09-14,203,75,119,397,0,0,0,0,1,27,2,8,1,0,15,1,21,12,0,0,0,18,0,5,0,1,0,0,53,7,56,0,0,1,0,0,0,0,8,0,0,1,0,9,7,1,1,3,0,0,0,0,0,0,99,0,6,0,0,11,6,0,4,1,0,11
2023-09-15,239,69,104,412,0,0,0,0,0,34,1,8,0,0,25,2,22,5,0,0,0,12,0,7,0,2,0,1,70,7,50,0,0,1,0,0,0,0,9,0,0,1,0,9,6,0,0,0,0,0,0,0,0,0,111,0,1,0,1,11,6,0,4,1,0,5
2023-09-16,172,68,80,320,2,0,0,0,1,37,1,11,0,0,17,1,8,2,0,0,0,12,0,5,0,1,0,0,52,3,39,0,0,1,0,0,0,0,8,0,0,0,0,9,4,0,3,1,0,1,0,0,0,0,77,0,3,0,0,8,6,0,0,0,0,7
2023-09-17,155,77,79,311,0,0,0,0,1,37,0,8,0,0,20,1,10,3,0,0,1,17,0,2,0,1,0,0,43,4,39,0,0,4,0,0,0,0,11,0,0,0,0,4,3,0,1,2,0,0,0,0,0,0,73,0,1,0,1,16,2,0,1,0,0,5
2023-09-18,155,52,85,292,0,0,0,0,0,28,1,8,0,0,20,3,7,5,0,0,0,8,0,1,0,1,0,0,39,1,52,0,0,2,0,0,0,0,8,0,0,1,0,8,1,0,0,1,0,1,0,0,2,0,79,0,1,0,1,9,1,0,1,0,0,2
2023-09-19,200,66,98,364,0,0,0,0,0,40,0,7,0,0,23,2,15,7,0,0,0,12,0,6,0,4,0,0,47,8,48,0,0,0,0,0,0,0,4,0,0,0,0,15,5,0,0,2,0,2,0,0,0,0,99,0,2,0,0,4,3,0,2,0,0,7
2023-09-20,201,93,111,405,1,0,0,0,0,42,1,8,0,0,23,3,16,10,1,0,0,14,0,6,0,4,0,0,59,7,49,0,0,1,0,0,0,0,9,1,0,1,0,11,8,0,0,3,0,2,0,0,0,0,85,0,1,0,0,16,10,0,4,0,0,9
2023-09-21,189,68,131,388,0,0,0,0,0,30,0,8,0,0,26,0,20,2,0,0,0,11,0,3,0,2,0,0,43,10,60,0,0,2,0,0,0,0,8,0,0,0,0,15,9,0,1,2,0,1,0,0,0,0,89,1,2,0,0,15,9,0,5,0,0,14
2023-09-22,189,88,102,379,0,0,0,0,0,44,0,6,0,0,28,1,9,4,0,0,0,17,0,4,0,2,0,0,56,5,55,0,0,0,0,0,0,0,10,0,0,2,0,13,6,0,1,0,0,0,0,0,0,0,81,1,1,0,0,17,5,0,1,3,0,7
2023-09-23,178,69,70,317,0,0,0,0,0,35,0,8,0,0,29,8,5,1,0,0,0,18,0,6,0,0,0,0,43,6,38,0,0,0,0,0,0,0,10,0,0,0,0,4,4,0,0,3,0,0,0,0,0,0,77,0,0,0,0,8,7,0,1,0,0,6
2023-09-24,163,66,80,309,0,0,0,0,0,25,0,12,0,0,18,0,11,3,0,0,0,15,0,3,0,1,0,0,44,0,39,0,0,1,0,0,0,0,7,0,0,0,0,8,7,0,0,1,0,0,0,0,0,0,85,0,0,0,1,12,10,0,0,0,0,6
2023-09-25,190,63,89,342,0,0,0,0,0,29,0,12,0,0,21,1,8,3,0,0,0,16,0,2,0,2,0,0,42,8,52,0,0,1,0,0,0,0,6,0,0,0,0,11,3,1,1,1,0,2,0,1,0,0,97,0,1,0,1,7,6,1,1,2,0,3
2023-09-26,175,61,96,332,1,0,0,0,0,25,1,11,0,0,19,2,18,7,0,0,0,8,0,4,0,0,0,0,35,5,39,0,0,1,0,0,0,0,9,0,0,2,0,8,4,0,0,4,0,0,0,0,0,0,95,1,0,0,1,15,5,0,1,1,0,10
2023-09-27,198,67,132,397,0,0,0,0,0,40,0,9,0,0,32,3,25,3,0,0,0,16,0,5,0,4,0,0,51,3,49,0,0,1,0,0,0,0,11,0,0,2,0,12,3,1,1,12,0,0,0,1,0,0,84,0,4,0,0,5,2,0,2,1,0,15
2023-09-28,194,73,115,382,0,1,0,0,0,39,1,6,1,0,23,2,16,4,1,0,0,17,0,7,0,5,0,0,42,3,52,0,0,0,0,0,1,0,5,0,0,1,0,11,3,0,2,2,0,10,0,0,0,0,98,0,4,0,0,5,6,0,2,1,0,11
2023-09-29,176,71,88,335,1,0,0,0,1,39,0,6,2,0,21,5,9,5,1,0,0,12,0,6,0,3,0,0,42,8,38,0,0,3,0,0,0,0,9,2,0,1,0,4,7,0,2,0,0,8,0,0,0,0,76,0,1,0,0,6,5,0,6,1,0,5
2023-09-30,209,56,94,359,0,0,0,0,0,32,0,17,0,0,25,0,7,0,0,0,0,15,0,1,0,1,0,0,62,7,46,0,0,1,0,0,0,0,6,0,0,0,0,10,7,0,0,2,0,4,0,0,1,0,90,0,3,0,0,7,2,1,1,1,0,10
2023-10-01,207,76,105,388,2,0,0,0,0,30,0,10,0,0,23,1,10,1,0,0,0,15,0,2,0,7,0,0,68,7,50,0,0,3,0,0,0,0,7,1,0,1,0,11,3,0,1,6,0,2,0,0,0,1,83,0,2,0,4,15,9,0,4,0,0,9
2023-10-02,215,61,87,363,0,0,0,0,0,26,0,7,0,0,25,0,11,4,1,0,0,9,0,9,0,0,0,0,59,2,31,0,0,2,0,0,0,0,10,0,0,1,0,7,3,0,0,1,0,10,0,0,2,0,110,0,3,0,0,13,9,0,0,0,0,8
2023-10-03,209,68,126,403,1,0,0,0,0,25,3,13,0,0,27,6,30,7,2,0,0,19,0,1,0,3,0,0,50,4,49,0,0,2,0,0,0,0,9,0,0,2,0,6,4,1,5,6,0,3,0,0,0,0,93,1,3,0,0,6,6,1,3,1,0,11
2023-10-04,205,83,143,431,0,0,0,0,1,42,0,5,1,0,38,1,26,3,0,0,0,14,0,3,0,2,0,0,46,5,61,0,0,1,0,0,0,0,8,0,0,1,0,8,7,0,2,5,0,13,0,0,1,0,100,0,1,0,1,8,13,0,2,1,0,11
2023-10-05,212,72,107,391,0,0,0,0,1,31,0,12,0,0,23,2,15,5,0,0,0,15,0,5,0,2,0,0,43,5,50,0,0,0,0,2,0,0,8,0,0,2,0,8,5,0,0,2,0,6,0,0,0,0,112,0,5,0,0,17,4,0,2,0,0,9
2023-10-06,233,85,121,439,0,0,0,0,0,39,0,10,0,0,33,5,21,9,0,0,0,18,0,3,0,9,0,0,53,10,53,0,0,0,0,0,0,0,12,0,0,1,0,10,8,0,3,3,0,8,0,0,0,0,101,0,5,0,3,10,3,0,4,0,0,5
2023-10-07,188,65,88,341,1,0,0,0,1,39,0,9,0,0,24,3,6,1,0,0,0,13,0,8,0,0,0,0,52,7,42,0,0,3,0,1,0,0,6,0,0,0,0,14,3,0,1,2,0,3,0,0,0,0,83,1,0,0,0,10,1,0,0,0,0,7
2023-10-08,160,56,83,299,0,0,0,0,0,29,0,11,0,0,21,5,8,2,0,0,0,9,0,3,0,2,0,0,38,4,36,0,0,3,0,0,0,0,5,0,0,0,0,5,5,0,0,3,0,5,0,0,0,0,70,0,2,0,1,10,5,0,3,1,0,13
2023-10-09,172,59,102,333,0,0,0,0,0,29,1,13,0,0,20,2,10,1,0,0,0,16,0,1,0,1,0,0,39,10,59,0,0,0,0,0,0,0,9,0,0,0,0,9,1,0,0,4,0,6,0,0,1,0,80,1,1,0,1,9,3,0,1,2,0,3
2023-10-10,194,58,129,381,1,0,0,0,0,26,1,10,0,0,24,1,40,4,0,0,0,14,0,6,0,1,0,0,48,6,45,0,0,0,0,0,0,1,10,0,0,1,0,12,2,1,1,4,0,7,0,0,0,0,93,0,2,0,0,8,4,0,2,0,0,6
2023-10-11,214,66,122,402,1,0,0,0,0,34,0,7,0,0,26,0,17,6,0,0,0,10,0,8,0,2,0,0,47,3,56,0,0,0,0,0,0,0,7,0,0,1,0,7,6,0,0,4,0,7,0,0,0,0,115,1,3,0,0,10,6,1,0,1,0,16
2023-10-12,189,69,108,366,0,0,0,0,0,27,1,13,0,0,19,3,14,7,0,0,0,17,0,5,0,4,0,2,42,4,50,0,0,1,0,0,0,0,11,0,0,0,0,13,1,0,2,3,0,5,0,0,0,0,92,1,1,0,1,13,2,0,3,1,0,8
2023-10-13,200,79,112,391,2,0,0,0,0,40,2,14,0,0,21,4,9,4,0,0,0,16,0,5,0,2,0,0,47,5,59,0,0,0,0,0,0,0,12,0,0,1,0,7,4,0,0,1,0,5,0,1,0,0,97,0,3,0,1,13,5,0,0,0,0,11
2023-10-14,184,61,76,321,1,1,0,0,0,28,0,10,0,0,15,3,4,3,0,0,0,17,0,4,0,1,0,0,49,5,42,0,0,2,0,0,0,0,1,0,0,0,0,9,0,0,0,1,0,6,0,1,0,0,93,1,0,0,1,8,4,1,2,0,0,8
2023-10-15,180,69,97,346,0,1,0,0,0,37,0,8,0,0,21,2,5,2,0,0,0,13,0,2,0,1,0,0,54,5,50,0,0,2,0,1,0,0,7,1,0,1,0,5,6,0,2,3,0,3,0,0,1,0,85,0,1,0,2,10,2,0,1,0,0,12
2023-10-16,179,74,111,364,2,0,0,0,0,45,0,13,1,0,13,1,15,2,0,0,0,10,0,4,0,0,0,0,46,2,54,0,0,1,0,0,0,0,7,0,0,2,0,11,4,0,2,0,0,3,1,0,1,0,93,0,4,0,1,8,6,0,1,1,0,10
2023-10-17,187,82,124,393,2,0,0,0,1,47,1,13,0,0,23,3,28,7,0,0,0,10,0,4,0,1,0,0,38,2,45,0,0,0,0,0,0,0,10,0,0,2,0,13,6,0,1,2,0,6,0,0,1,0,97,0,2,0,0,9,8,0,1,1,0,9
2023-10-18,192,72,96,360,5,0,0,0,1,30,0,6,1,0,40,2,8,9,0,0,0,14,0,7,0,2,0,0,38,2,41,0,0,0,0,0,0,0,10,0,0,0,0,3,6,0,0,6,0,6,0,0,0,0,90,0,2,0,2,15,2,0,2,0,0,10
2023-10-19,193,75,112,380,0,0,0,0,0,39,1,14,0,0,16,0,13,4,0,0,0,15,0,1,0,3,0,0,48,7,53,0,0,1,0,0,0,0,5,0,0,0,0,8,5,0,1,2,0,8,0,0,0,0,93,1,6,0,0,14,2,0,3,0,0,17
2023-10-20,205,74,110,389,1,1,0,0,0,40,1,13,0,0,24,0,8,5,0,0,0,8,0,4,0,2,0,0,50,3,49,0,0,1,0,0,0,0,8,0,0,0,0,8,4,0,1,2,0,19,0,0,0,0,105,0,1,0,1,15,4,0,2,0,0,9
2023-10-21,204,69,90,363,0,0,0,0,1,34,0,9,0,0,35,2,2,3,0,0,1,11,0,1,0,3,0,0,54,6,38,0,0,2,0,0,0,0,10,0,0,1,0,6,3,0,1,4,0,11,0,1,1,0,87,0,3,0,1,13,6,0,2,1,0,10
2023-10-22,194,80,96,370,1,0,0,0,1,38,0,11,0,0,33,4,11,3,0,0,0,24,0,1,0,0,0,0,48,8,53,0,0,2,0,0,0,0,5,0,0,0,0,3,4,0,0,2,0,6,0,0,0,0,83,0,1,0,0,9,6,0,4,0,0,9
2023-10-23,197,60,89,346,0,0,0,0,0,29,1,13,0,0,26,2,15,2,0,0,0,11,0,6,0,2,0,0,45,4,40,0,0,0,0,0,0,0,11,0,0,1,0,11,5,0,0,0,0,2,0,0,0,0,94,0,2,0,2,11,5,0,1,1,0,4
2023-10-24,189,64,113,366,0,0,0,0,0,34,0,14,0,0,15,3,24,4,0,0,0,9,0,4,0,2,0,0,43,6,53,0,0,0,0,0,0,0,5,0,0,0,0,11,5,0,1,0,0,4,0,0,0,0,99,0,0,0,1,9,6,1,2,0,0,11
2023-10-25,205,74,103,382,0,0,0,0,0,38,0,7,0,0,18,0,12,3,0,0,0,13,0,6,0,1,0,0,58,2,49,0,0,2,0,0,0,0,6,0,0,1,0,5,5,0,1,3,0,9,0,1,1,0,108,1,1,0,2,10,7,1,2,0,0,9
2023-10-26,209,85,98,392,1,0,0,0,1,41,0,13,0,0,24,1,15,5,0,0,0,22,0,8,0,3,0,0,49,6,42,0,0,0,0,0,0,0,6,0,0,0,0,6,3,0,1,2,0,13,0,1,1,0,101,0,1,0,1,9,6,1,0,1,0,8
2023-10-27,195,64,120,379,1,0,0,0,0,35,1,8,0,0,16,1,16,2,0,0,0,12,0,4,0,1,0,0,58,5,54,0,0,1,0,0,0,0,12,0,0,1,0,8,8,0,0,1,0,13,0,0,0,0,100,0,0,0,0,9,6,0,1,0,0,5
2023-10-28,206,96,84,386,1,0,0,0,0,47,0,11,0,0,32,6,3,8,0,0,0,20,0,3,0,3,0,0,39,8,41,0,0,2,0,0,0,0,9,0,0,1,0,5,5,0,0,1,0,7,0,0,0,1,98,0,3,0,1,10,10,0,3,0,0,8
2023-10-29,179,97,91,367,0,0,0,0,0,52,0,10,0,0,27,3,3,5,0,0,0,20,0,1,0,1,0,0,48,7,50,0,0,4,0,0,0,0,2,1,0,0,0,9,5,0,0,1,0,10,0,0,0,0,80,0,1,0,0,11,8,0,0,1,0,7
2023-10-30,208,61,96,365,0,0,0,0,0,33,0,9,0,0,21,1,16,2,0,0,0,8,0,10,0,5,0,0,44,3,37,0,0,1,0,0,0,0,8,0,0,0,0,14,6,0,0,3,0,3,0,0,0,0,106,1,3,0,0,9,9,0,4,1,0,8
2023-10-31,225,83,108,416,1,0,0,0,0,42,0,11,0,0,24,2,19,5,0,0,0,11,0,5,0,1,0,0,95,6,49,0,0,0,0,2,0,0,8,0,0,0,0,12,2,0,3,0,0,3,0,1,0,0,77,0,3,0,0,12,10,0,0,1,0,11
2023-11-01,245,91,134,470,0,0,0,0,1,49,0,6,0,0,32,1,16,7,0,0,0,14,0,3,0,3,0,0,64,6,64,0,0,0,0,0,0,0,11,0,0,0,0,21,5,0,0,2,0,3,0,0,0,0,122,0,2,1,2,11,8,0,3,2,0,11
2023-11-02,186,67,118,371,2,0,0,0,1,41,0,9,1,0,28,0,11,2,0,1,0,6,0,3,0,1,0,0,61,3,52,0,0,0,0,0,0,0,9,0,0,2,0,13,6,0,3,2,0,6,0,0,1,0,77,1,1,0,0,11,4,0,0,1,0,12
2023-11-03,221,60,95,376,1,0,0,0,0,29,0,14,0,0,23,1,16,5,0,0,0,15,0,9,0,2,0,0,59,9,43,0,0,1,0,0,0,0,4,0,0,0,0,10,6,1,1,0,0,6,0,0,0,0,99,0,2,0,0,5,5,0,3,0,0,7
2023-11-04,196,68,83,347,1,0,0,0,0,41,0,13,0,0,29,4,8,2,1,0,0,13,0,2,0,2,0,0,65,5,30,0,0,4,0,0,0,0,7,0,0,0,0,10,0,0,2,3,0,6,0,0,0,0,72,0,2,0,0,8,2,0,1,1,0,13
2023-11-05,155,69,81,305,0,0,0,0,1,34,0,3,0,0,24,1,4,6,0,0,0,12,0,3,0,0,0,0,44,1,44,0,0,4,0,0,0,0,6,0,0,0,0,8,5,0,0,1,0,3,0,0,0,0,75,0,0,0,0,14,3,0,2,1,0,6
2023-11-06,234,63,96,393,0,0,0,0,2,35,0,18,0,0,25,2,9,2,0,0,0,11,0,3,0,0,0,0,50,8,48,0,0,1,0,0,0,0,11,0,0,1,0,11,5,0,0,2,0,5,0,0,0,0,123,0,0,0,0,11,4,0,3,0,0,3
2023-11-07,223,79,109,411,0,0,0,0,0,32,1,9,0,0,27,2,17,6,0,0,0,14,0,8,0,1,0,0,42,9,52,0,0,0,0,0,0,0,11,0,0,0,0,7,6,0,3,2,0,7,0,0,0,0,112,0,7,0,1,14,9,0,5,0,0,7
2023-11-08,227,65,135,427,0,0,0,0,0,30,2,10,1,0,20,3,23,5,0,0,0,9,0,6,0,1,0,0,47,3,59,0,0,0,0,0,0,0,10,0,0,1,0,11,3,1,1,7,0,12,0,0,0,0,130,1,0,0,0,13,7,1,2,1,0,7
2023-11-09,212,74,109,395,1,1,0,0,0,34,0,11,0,0,31,1,14,5,0,0,0,12,0,3,0,1,0,0,67,6,37,0,0,1,0,0,0,0,7,0,0,0,0,14,4,1,1,10,0,6,0,0,1,0,87,0,2,0,1,12,9,2,1,0,0,12
2023-11-10,190,73,100,363,0,1,0,0,1,34,0,12,0,0,18,1,17,8,0,0,0,13,0,6,0,1,0,0,41,7,41,0,0,1,0,1,0,0,8,0,0,1,0,8,7,0,1,5,0,6,0,0,0,0,94,0,5,0,0,13,4,0,3,1,0,4
2023-11-11,185,83,89,357,1,0,1,0,0,52,0,8,0,0,24,2,5,3,0,0,0,17,0,5,0,2,0,0,49,4,35,0,0,3,0,0,0,0,3,0,0,2,0,7,7,0,1,5,0,8,0,0,0,0,91,0,0,0,0,6,4,0,0,0,0,12
2023-11-12,155,66,87,308,0,0,0,0,0,37,0,9,0,0,18,2,7,6,0,0,0,8,0,4,0,0,0,1,43,6,48,0,0,2,0,0,0,0,2,0,0,0,0,9,2,0,0,0,0,7,0,0,0,0,71,0,1,0,0,10,5,0,1,0,0,9
2023-11-13,186,60,95,341,0,0,0,0,0,34,0,14,0,0,19,4,10,4,0,0,0,6,0,4,0,5,0,0,46,2,45,0,0,0,0,0,0,0,7,0,0,3,0,13,2,0,0,2,0,3,0,2,0,0,88,0,0,0,0,14,2,0,4,0,0,8
2023-11-14,208,70,116,394,0,1,0,0,0,42,0,19,0,0,22,5,10,3,0,0,0,13,0,6,0,1,0,0,44,6,57,0,0,1,0,0,0,0,12,0,0,1,0,11,6,0,2,3,0,4,0,0,0,0,101,0,1,0,0,9,1,0,3,0,0,10
2023-11-15,191,71,131,393,1,1,0,0,0,29,0,8,0,0,17,3,30,4,0,0,0,12,0,4,0,3,0,0,46,2,58,0,0,3,0,0,0,0,7,1,0,1,0,7,9,0,1,2,0,4,0,0,0,0,102,1,4,0,1,20,3,0,1,0,0,8
2023-11-16,187,68,129,384,1,0,0,0,0,38,2,15,0,0,19,5,11,0,0,0,0,16,0,2,0,1,0,0,44,3,68,0,0,1,0,0,0,0,10,1,0,0,0,11,5,0,0,3,0,9,0,0,0,0,91,0,0,0,0,9,4,1,2,2,0,10
2023-11-17,216,69,119,404,1,1,0,0,0,38,0,6,0,0,38,1,9,4,0,0,0,9,0,5,0,2,0,0,43,7,66,0,0,3,0,0,0,0,12,0,0,1,0,8,6,0,3,2,0,5,0,0,0,0,108,0,2,0,0,8,7,0,3,1,0,5
2023-11-18,198,97,103,398,1,0,0,0,2,47,0,11,0,0,27,0,11,7,0,0,1,19,0,2,0,0,0,0,62,11,55,0,0,1,0,0,0,0,3,0,0,1,0,12,3,0,1,1,0,4,0,0,0,0,81,0,1,0,1,15,7,0,1,0,0,10
2023-11-19,145,64,61,270,1,0,0,0,1,33,0,10,0,0,14,4,11,4,0,0,0,13,0,7,0,0,0,0,40,5,32,0,0,1,0,0,0,0,4,0,0,2,0,4,2,0,0,2,0,2,0,0,0,0,63,0,1,0,0,12,2,0,0,0,0,0
2023-11-20,199,57,94,350,0,0,0,0,0,27,0,14,0,0,19,1,12,5,1,0,0,9,0,7,0,1,0,0,34,3,49,0,0,1,0,0,0,0,5,0,0,1,0,9,7,0,2,1,0,2,0,0,1,0,114,1,1,0,1,9,4,0,4,0,0,5
2023-11-21,181,63,91,335,0,0,0,0,1,37,0,13,0,0,19,2,12,4,0,0,0,13,0,7,0,3,0,0,36,5,39,0,0,0,0,0,0,0,9,0,0,0,0,9,2,0,1,3,0,6,0,0,0,0,91,0,2,0,1,6,1,0,1,1,0,11
2023-11-22,201,61,76,338,2,0,0,0,0,28,0,10,0,0,30,2,9,3,0,0,0,9,0,5,0,5,0,0,48,2,30,0,0,1,0,0,0,0,9,0,0,0,0,8,4,0,0,2,0,4,0,0,1,0,98,0,0,0,0,15,6,0,1,0,0,6
2023-11-23,151,60,70,281,0,0,0,0,0,26,0,13,0,0,19,2,1,3,0,0,0,16,0,0,0,0,0,0,56,8,39,0,0,3,0,0,0,0,7,2,0,0,0,6,6,0,0,1,0,2,0,1,0,0,53,0,0,0,0,11,2,0,0,0,0,4
2023-11-24,213,63,90,366,0,0,0,0,0,32,2,4,1,0,28,3,8,3,0,0,0,10,0,7,0,3,0,0,59,2,39,0,0,2,0,0,0,0,8,0,0,0,0,11,2,0,1,5,0,6,1,0,0,0,100,0,1,0,4,9,4,0,2,1,0,8
2023-11-25,200,71,78,349,3,0,0,0,0,31,0,8,0,0,19,3,8,2,0,0,0,19,0,7,0,0,0,0,43,5,39,0,0,1,0,0,0,0,8,0,0,0,1,6,0,0,1,2,0,5,0,0,0,0,113,0,1,0,0,11,7,0,1,0,0,5
2023-11-26,165,60,72,297,0,0,0,0,1,29,0,10,1,0,21,0,7,1,0,0,0,12,0,3,0,0,0,0,45,6,35,0,0,1,0,0,0,0,5,0,0,0,0,6,3,0,1,3,0,4,0,0,0,0,78,0,0,0,0,14,3,0,1,0,0,7
2023-11-27,194,57,93,344,3,0,0,0,0,28,0,9,1,0,20,0,10,5,0,0,0,9,0,1,0,0,0,0,71,3,50,0,0,1,0,0,0,0,5,0,0,0,0,5,6,0,0,2,0,2,0,0,0,0,85,0,0,0,0,10,5,0,3,2,0,8
2023-11-28,174,60,102,336,0,0,0,0,0,29,0,9,0,0,15,1,10,2,0,0,0,10,0,1,0,5,0,0,39,2,47,0,0,1,0,0,0,0,8,1,0,0,0,14,5,0,1,1,0,5,0,1,0,0,98,0,3,0,1,8,8,0,1,0,0,10
2023-11-29,228,63,95,386,5,2,0,0,0,39,0,9,1,0,36,3,14,2,0,0,0,12,0,3,0,2,0,0,70,2,34,0,0,2,0,2,0,0,4,0,0,0,0,10,7,0,0,1,0,6,0,0,0,0,100,0,0,2,0,6,4,0,3,0,0,5
2023-11-30,206,70,95,371,1,0,0,0,0,33,0,7,0,0,19,0,11,4,0,0,0,11,0,6,0,1,0,0,61,8,52,0,0,0,0,0,0,0,4,0,0,0,0,9,4,0,1,3,0,4,0,0,0,0,97,0,3,0,0,16,5,0,1,3,0,7
2023-12-01,206,56,146,408,0,0,0,0,0,28,0,4,1,1,24,4,13,6,0,0,0,6,0,7,0,6,0,0,71,3,70,0,0,4,0,0,0,0,14,0,0,0,0,18,2,0,1,2,0,6,0,1,2,0,82,0,1,0,0,7,8,1,1,2,0,12
2023-12-02,217,72,104,393,2,0,0,0,1,33,1,9,0,0,21,1,10,9,0,0,0,12,0,15,0,0,1,0,68,3,50,0,0,2,0,1,0,0,8,0,0,1,0,8,4,0,0,5,0,2,0,0,2,0,96,0,0,0,0,13,5,0,2,0,0,8
2023-12-03,162,71,69,302,1,0,0,0,0,42,0,5,0,0,24,2,4,1,0,0,0,13,0,2,0,1,0,0,44,1,36,0,0,1,0,0,0,0,9,1,0,0,0,4,2,0,0,2,0,7,0,0,0,0,82,0,1,0,0,8,6,0,0,0,0,3
2023-12-04,206,81,76,363,0,1,0,0,0,42,0,8,0,0,23,2,5,3,0,0,0,13,0,6,0,0,0,0,51,2,40,0,0,0,1,0,0,0,7,1,0,1,0,6,2,0,0,2,0,3,0,0,1,0,109,0,0,0,0,17,5,0,4,1,0,7
2023-12-05,205,61,112,378,0,0,0,0,0,30,1,8,0,0,23,1,19,5,0,0,0,17,0,6,0,2,0,0,47,1,52,0,0,0,0,0,0,0,3,0,0,2,0,11,5,0,0,4,0,3,0,1,0,0,113,0,0,0,1,5,3,0,3,0,0,12
2023-12-06,212,65,108,385,1,0,0,0,2,35,0,11,0,0,25,3,20,4,0,0,1,8,0,5,0,2,0,0,54,8,44,0,0,0,0,0,0,0,6,0,0,2,0,10,5,0,0,6,0,7,0,0,0,0,99,0,0,0,0,18,0,0,2,1,0,6
2023-12-07,167,51,114,332,0,0,0,0,0,29,2,8,0,0,15,3,13,1,0,0,0,6,0,9,0,1,0,0,53,0,52,0,0,0,0,0,0,0,7,0,0,0,0,11,4,0,0,10,0,9,0,0,0,0,75,0,1,0,2,10,3,0,0,0,0,8
2023-12-08,198,66,88,352,2,0,0,0,0,27,0,7,0,0,18,0,14,3,0,0,0,11,0,11,0,4,0,0,78,5,43,0,0,0,0,1,0,0,5,0,0,0,0,6,2,1,2,2,0,4,0,2,0,0,69,0,1,0,1,17,5,0,4,1,0,6
2023-12-09,203,72,108,383,0,0,0,0,0,38,0,5,0,0,13,3,8,4,0,0,0,9,0,7,0,1,0,1,72,6,55,0,0,3,0,0,0,0,5,0,0,1,0,8,11,0,0,2,1,2,0,0,1,0,87,0,5,0,1,15,5,0,2,2,0,10
2023-12-10,189,66,79,334,1,0,0,0,0,29,1,7,0,0,23,4,2,6,0,0,0,16,0,2,0,1,0,0,54,1,45,0,0,0,0,0,0,0,12,0,0,0,0,2,6,0,0,1,0,4,0,0,0,0,95,0,0,0,1,8,6,0,1,0,0,6
2023-12-11,184,55,89,328,0,0,0,0,0,22,1,15,0,0,22,5,8,2,0,0,0,9,0,4,0,2,0,0,45,6,50,0,0,4,0,0,0,0,7,0,0,0,0,5,6,0,0,0,0,4,0,1,0,0,84,0,0,0,2,13,7,0,0,0,0,4
2023-12-12,196,58,114,368,0,0,0,0,1,35,0,8,1,0,24,0,13,2,0,0,0,8,0,0,0,3,0,0,53,3,57,0,0,0,0,0,0,0,4,0,0,1,0,9,6,0,0,2,0,10,0,1,0,0,102,0,0,0,1,7,5,0,2,0,0,10
2023-12-13,200,66,91,357,4,0,0,0,3,37,0,9,0,1,23,2,7,1,0,0,0,10,0,5,0,3,0,0,42,5,42,0,0,1,0,0,0,0,3,0,0,0,0,10,5,0,0,2,0,4,0,1,2,0,106,0,2,0,1,13,4,0,0,0,0,9
2023-12-14,164,73,90,327,2,0,0,0,0,38,0,7,0,0,22,3,10,5,0,0,0,13,0,4,0,0,0,0,40,4,36,0,0,2,0,0,0,0,10,0,0,2,0,11,3,0,2,1,0,5,0,1,0,0,84,0,0,0,0,10,5,0,0,0,0,7
2023-12-15,195,85,84,364,1,0,0,0,0,37,2,7,0,0,19,2,16,5,0,0,0,14,0,5,0,3,1,0,62,6,30,0,0,0,0,1,0,0,6,1,0,1,0,6,3,1,0,1,0,11,0,0,0,0,82,1,1,0,2,18,8,1,4,0,0,6
2023-12-16,218,86,117,421,3,0,0,0,0,43,0,7,0,0,24,1,10,5,0,0,0,15,0,14,0,0,0,0,75,11,56,0,0,0,0,1,0,0,8,1,0,2,0,7,6,0,1,7,0,7,0,0,0,0,85,0,1,0,0,17,4,0,0,0,0,10
2023-12-17,153,63,71,287,0,0,0,0,1,34,0,6,0,0,22,0,3,2,0,0,0,9,0,5,0,0,0,0,44,6,34,0,0,2,0,0,0,0,7,0,0,0,0,8,4,0,1,1,0,3,0,0,0,0,67,0,1,0,1,14,2,1,0,0,0,9
2023-12-18,214,59,77,350,0,0,0,0,0,29,0,10,0,0,25,0,2,2,0,0,0,11,0,5,0,3,0,0,55,5,43,0,0,1,0,0,0,0,10,0,0,1,0,6,3,0,0,0,0,2,0,0,0,0,104,0,1,0,1,13,3,0,5,1,0,9
2023-12-19,202,56,105,363,0,0,0,0,1,25,1,4,0,0,25,3,15,2,0,0,0,15,0,5,0,0,0,0,53,1,44,0,0,0,0,0,0,0,12,0,0,1,0,11,3,0,2,2,0,10,0,0,0,0,104,0,2,0,2,7,3,0,3,0,0,7
2023-12-20,185,66,107,358,1,0,0,0,0,28,0,7,0,0,18,1,21,4,0,0,0,14,1,0,0,2,0,0,63,2,45,0,0,0,0,1,0,1,10,0,0,0,0,11,3,0,1,4,0,4,1,3,0,0,84,0,2,0,2,11,5,1,3,1,0,3
2023-12-21,213,55,103,371,0,0,0,0,0,31,0,11,0,1,18,3,14,3,0,0,0,9,0,4,0,0,2,0,59,5,54,0,0,1,0,0,0,0,5,0,0,1,0,11,3,0,1,0,0,4,0,1,0,0,108,0,1,0,0,10,1,1,3,0,0,6
2023-12-22,202,46,91,339,1,0,0,0,0,17,0,15,1,0,17,1,13,1,0,0,0,14,0,6,0,4,0,0,59,6,36,0,0,1,0,2,0,0,10,0,0,1,0,7,3,0,0,2,0,4,0,1,1,0,93,0,0,0,0,9,5,0,1,0,0,8
2023-12-23,192,72,79,343,0,0,0,0,0,34,0,5,0,0,16,2,6,2,0,0,0,16,0,2,0,0,0,0,67,3,39,0,0,1,0,0,0,0,6,0,0,1,0,8,3,1,1,2,0,4,0,0,1,0,95,0,0,0,0,11,8,0,0,2,0,7
2023-12-24,132,70,58,260,0,0,0,0,0,36,0,11,0,0,12,0,0,3,0,0,0,12,0,1,0,0,0,0,39,3,37,0,0,0,0,0,0,0,6,1,0,0,0,6,5,0,0,1,0,1,0,0,0,0,66,0,0,0,0,13,5,0,0,0,0,2
2023-12-25,87,56,64,207,0,0,0,0,0,32,0,9,0,0,20,1,1,3,0,0,0,13,0,0,0,0,0,0,19,5,37,0,0,1,0,0,0,0,7,0,0,0,0,6,7,0,0,0,0,0,0,0,0,0,33,0,0,0,0,7,1,0,0,0,0,5
2023-12-26,177,49,90,316,0,1,0,0,0,22,0,12,0,0,26,4,8,1,0,0,0,9,0,4,0,1,0,0,40,2,48,0,0,0,0,0,0,0,5,0,0,0,0,10,0,0,3,7,0,1,0,1,1,0,84,0,2,0,1,8,5,0,2,0,0,8
2023-12-27,187,56,102,345,0,0,0,0,0,30,0,7,0,0,28,3,16,4,0,0,0,6,0,7,0,1,0,0,43,7,43,0,0,1,0,1,0,0,6,0,0,0,0,10,5,0,1,4,0,2,1,0,0,0,85,0,4,0,1,9,5,0,1,0,0,14
2023-12-28,175,70,85,330,0,0,0,0,0,32,0,6,0,0,19,2,7,1,0,1,0,20,0,1,0,1,0,0,55,7,38,0,0,0,0,1,0,1,8,0,0,0,0,9,6,1,3,4,0,1,0,0,1,0,82,0,2,0,0,9,4,0,0,0,0,8
2023-12-29,217,58,107,382,0,0,0,0,3,26,0,12,0,0,20,2,11,3,0,0,0,10,0,4,0,1,0,0,70,5,45,0,0,0,0,1,0,0,4,0,0,1,0,8,6,6,0,3,0,3,0,0,5,1,95,0,2,0,1,8,10,0,3,0,0,13
2023-12-30,212,82,65,359,0,0,0,0,0,42,0,9,0,0,15,1,5,5,0,0,0,13,0,4,0,0,0,0,84,6,30,0,0,0,0,1,0,0,4,0,0,0,0,4,5,2,1,4,0,1,0,0,1,0,89,0,3,0,1,12,8,0,1,0,0,8
2023-12-31,184,69,61,314,0,0,0,0,0,34,0,10,0,0,12,3,1,1,0,0,0,16,0,0,0,1,0,0,73,10,33,0,0,0,0,2,0,0,6,0,0,0,0,6,6,1,0,0,0,2,0,0,0,1,73,0,1,0,2,13,3,0,0,1,0,3
